-- phpMyAdmin SQL Dump
-- version 4.7.9
-- https://www.phpmyadmin.net/
--
-- Host: 127.0.0.1
-- Generation Time: Jun 18, 2018 at 03:42 AM
-- Server version: 10.1.31-MariaDB
-- PHP Version: 7.2.3

SET SQL_MODE = "NO_AUTO_VALUE_ON_ZERO";
SET AUTOCOMMIT = 0;
START TRANSACTION;
SET time_zone = "+00:00";


/*!40101 SET @OLD_CHARACTER_SET_CLIENT=@@CHARACTER_SET_CLIENT */;
/*!40101 SET @OLD_CHARACTER_SET_RESULTS=@@CHARACTER_SET_RESULTS */;
/*!40101 SET @OLD_COLLATION_CONNECTION=@@COLLATION_CONNECTION */;
/*!40101 SET NAMES utf8mb4 */;

--
-- Database: `assignment`
--

-- --------------------------------------------------------

--
-- Table structure for table `admin`
--

CREATE TABLE `admin` (
  `StaffID` int(11) NOT NULL,
  `StaffName` varchar(30) DEFAULT NULL,
  `Email` varchar(30) DEFAULT NULL,
  `DOB` date DEFAULT NULL,
  `Address` varchar(100) DEFAULT NULL,
  `PrivilegeID` int(11) DEFAULT NULL,
  `Photo` longblob,
  `Password` varchar(20) NOT NULL
) ENGINE=InnoDB DEFAULT CHARSET=latin1;

--
-- Dumping data for table `admin`
--

INSERT INTO `admin` (`StaffID`, `StaffName`, `Email`, `DOB`, `Address`, `PrivilegeID`, `Photo`, `Password`) VALUES
(1, 'John', 'John55@gmail.com', '1980-05-05', '45 st, Ann Avenue, NY, USA', 1, 0xffd8ffe000104a46494600010100000100010000ffdb00840009060712131215121312151515171717151517181715151716171515171715151518181d2820181a251b151521312125292b2e2e2e171f3338332d37282d2e2b010a0a0a0e0d0e181010152b1d171d2b2d2b2b2b2b2b2d2b2b2d2d2b2d2d2d2d2d2d2d2d372b372d2d2d2d3737372b2b372b2b2b2d2d2d2b2d2d2d2b2b2b2b2b37ffc0001108010b00bd03012200021101031101ffc4001b00000105010100000000000000000000000301020405060700ffc4003b1000010302030506040308020300000000010002110321043141051251617106228191a1b10713c1f03272d1142342526282e1f115a23354d2ffc400190100030101010000000000000000000000000102030405ffc40023110101000202030001050100000000000000010211032112314104225161718113ffda000c03010002110311003f000929a5a9e42f42763334352909cd094a5a1b0804e09f0bd09e812535e539cd437e4a68516d0682e55759ea5e3aa778aaf372a170f6b939c50f753c04ccac4e7f0f14929a7527ec94119090af4a6a011f1c1168d30105c9ed7a609b47f0acdd5cd5e639d65475335a62cf22d2476a05208ed5a4674e095204b09c43ab2f425017964dc8bcbcbc8054a9212a0435c8359e0032518acff696b3c06b5b3de993fca2d9702a32563375171ac05d208faaa7c4629cc98a795ccfba438a00c5cf2b1fbf353283dae16cc4f75c33e39a86fe28d4b69031dd1d058f38e2a7b2a35f11c2e3efa28d5f67b08de6b6c0cc026471f041c18235b87403c0703f7a2b88ab36d169d63d93f1140102f6038669b232e624f2d51dd543471b7dc0f155644c889fb2df9f29263a00bcec01fb0bd531e60e6d6fa9f355988c70369a84fe675d455ea2755c1b8692a380a09c50178a8d3c43bf447a38b71b822a72321de008ba5b1e04c78b2a2a8af713598f044b9a4660b4d95357a601fc40ad31b19658d252460874db6450b58c2fb284e4d4e5497586af42f26ef2c9b1f09a42784c251608f05e2bc8589ac18d2e7180049e9aa9aa9d998bc435824958edb38b358ddf026607d544da9b4aa621c4830cfe11c47155afa3a6f0f52b2b96db638f88e70ed1f85d3c6d1e8bd46a11afae4998504483c24787045733ba1c38c1f0bdd1b5ad70f5f376a07787116870e79a3d6a510789ef1e22241f183e4a260e9c069bc9907a1de23d829d59f0c68d67ca2ff53e688488c712e73a2c4c01e3af8427b838ea09f69b933088ca66c22c2e4fd3a233693606bf58e13a7329dc8a6284fc339c6c5ae3e9ea133fe16a1cc03a9824478eaa53f1a1b3ba204c0ce09e539c71fd155633175aa02039d139030205ae7aa5b3d43eb6c5701f809fcbde23d556bf0b7b6f0238b7ee13e9616a0322a10ee4f32a49c6b8feef132efe57fe178fa3c7aa0f48bf3e7baf83fd5a8e70546c4522d316be466c4710a7d6c30393bf2e441e041cd05f41e06ebc777307f94fe8894acdc45622b537762c73d7efc93c2ea8e1cbd90a76f244fb264ea64af6eaf009d0a1a942f2f2f254479cb1fda8c7879f9736198e279ad06d9c66e32d1bc6c397127900b9ded1c54980673bcc6799eab0cefc8df8f1fb5eaaf31f410a302494da549ce30049361e365d1fb27d86062a5717d19c3f325269b49bbb63b0b847c0304c19fd4742a5bf0e435d68de13190b7f8f75d79bd9ea21bba182238054fb5bb2cddd259f626e976bf18e742aeeb60e62de0489528d604825d2000ef2cc72845dadb02a35d3ba7277f855f86d9d54b40dd3706fe307d92f22f0a2bf17680402e3009fe11abbd4a16236800c05b699b6b106075ff2855f65549883991d215be03b2151e05a46b9ea95ce1ce3acefed45c0002c35e7a0faa1b98f888b70e3d7cd747c2761aa068ee099de3f41e08d8dec35523ba437322d72759e48f2fe05e37326b08805c3c05fde51a9548b4ef0fe575c7ae5e0a76d8d8d5683e2a037cad9f8eaab5f59a0f78788907f455bda35a16a61439a4b7f08b9102597d634e6801f519fd4381e1c9c1168d72d3bcd3d0fbb5c971047e26db881a1ff00688280376a096fe21a6450a179d53bd71baf17045b7873088f00dc1b67d3aae8e2cbe572f361f604e4e6a4727342d639ababb42472794d2a23679a95e53495e23efc12a18bed8638876ecf11e0227ccdbc163db73f5e0adbb56f26bb84644fbcaabc3324c69aac24f6eaf9236df0fb650a95b7a3bb4fbc49bcbf36f966bad51680232590f877840cc3876af25c74cc95ac2f4f4d22731c9fb80f050d95119b512684abb318ed07de686760d3b00d8f2d6654aa75d3fe74a5743b42a7d9da5225b7e2ad70f806b320210db8a45662539e3137caa753a60090835808c90462865286710aee51130cb689b576732ab0b1cd0411d4ae2ddacd80da751cd00822ff00db39f35dd0be562be206003e97cc02ed373c8acb29f634f71c520d3320f51982a55670dd0f69b189eb97f84cc7b08241cf4fbd420e16af74b48b4cc785d1ee32f41573e5ec89847d88e1742ae6322084941d07af0578f49ce6e6925e9ed4d4f5d51e7d75a843aa11650ea1959b63589d09adb27e698734ed8d40ec55488b4348e79caa8c37019953b6b83fb4e238fccfa2f6c0c3efe218d1abafe19ae7c9d587c763d834fe5d2a6de0d1ecacea49c944a3a052d9c21556b08d3d1101309f4a9749ea8e30c48cbd94d5c01afe888da87979af1c31e5e686ca2673515705bf23e29cd79e0539941145028906c2f9dc5129bd2fcbfb84e6b392340fa8f80aab6d53dfa2f1c8f9e6a639d250eb89691c91bd95e9c236f531bc40b6a38782a4820e59e6af7b52d22abdbc1c63971ff4b3af241f54f1f4c73f6239a0f51f723884161dd37090bb245005afe0ae74cea66774404a13321d02285d58fa7067edd688427146084f0b36a1928948a610969a6184eda6cc753aafae0134ea6eef7f4bc82013cac47884df8774b7b13d1a4f9d96b3b4d82f9b86a8c1f8a379bd5b70b3df0b69935aaba32601cee563676e8c32e9d3299bf3531b7eab29da4da4ea01bbb99bf5e4aa28f6beb93901e163e28ad6574105cd2a552c4119c79ac01edabbf899e46f646c376c29b8c10470515a4ae88dac0a6fcc1bc7ef459bc16d0de7dbf967d54bc45573439c72cfd12dae2f598968b4a29aad3fc2df158ec6ed76531bce365019db8a60c093d411f444c8ac8e82d00ff08f24e701190587a1db26916701e0521ed95e0f1ce2de9657d58cfeb58fa79e4a3bb51c05faaacc16df6d43ba27adfec2b17107ef351a8d37b722edde122ad47c66e711fdb13e84158a73b4cf87e9ee1752f895803b82a0fc248dee4e2227c444f40b95541e8960cf961a8d4c40bffbfd52e0708fab51ac609738803ef45aadb5b15d4f679df681568e2031c4707378eb770f257bee444c6dc6e5fb33f4c58688c87288bae4d479b9dedd68043aa11909e143509398bc94048cb51a088391b1faaafecde1053c5e29ad6c08a640e519ab0704dd9ec031d58ff351a473924c91e1c23929adb8bea46d7c331e7bd90bf86a16571d5cb9ce6d1a4db5a4893e22c3c4adbe270a1d63af0d542ff8e63043045e72932b3bedd3274e778bc362de7f0362740c6db5d104ecfad486f161267f0c5c0e2085be7616b49fdd83d613dbb3ea1bb806f2174aeafc3d6bbda0f640b9ee0e20dfbb06d10b7cec192c331117547b1f676ebc137933e965b07d3eea522b7e9c9fb4186f964805ce024c01303ae81648b6ab8f768cc6841bcf390bae6d2d9c4925b00cfd64fbaa3af817832049e0b39a5e5b64709b41cdeebf027f334b9b6d4904157581c5615d0d7075227478ce783b256b40906f4afc48247ae4a6e2f6432bb40706e8458e7e2afaf8892cf6f60f643010ea6679e6af18eb7102c157e0765bd8d0cb470b8ff6ac9b408174ade8e4d55076c298761dcd2332df75c42bb3f785a2f781cf40bbd76970dbd87a91980488e2172cec4ec2f9f8d6ef096b01a9119eee40f8909e33dd472dee4697e1e7667e5b4d7a83bceb0074038798569dbaa0061b12e81153e4bc7e76b834fb042d998aabbef6b9d1de30dd0024c40f251fe25d72cc361e8937a8f73cf36b07ff004e1e48c7f558d3927871dfe9ce0668909805d1177bc4cbdbae4213c22a6382c9b05094353c04bba8331c17a9377718446741849e61c64784a7390dec77ed8cab0774d02d07490e13278dcf928ad78978c33cbefdd4ba7869175170aff456349f659d75e21fec6835a801d54e7550332a23ab8713ba2635d14ed7616859e15fb6e3c154e1e9584856f42215c88be953569221c334813645aa0ef5826b6bb459c0859c9aad6ddc0bf630959838c8f81b85329802e2e8bbed855a46ec578a5e9a1d3f29e092a9d12e27ac703c1462fba9b42bfb42f0da1566c374fb2c37c2e0057a8ee0c907fba0807aad9edfbd1abf91cb1df0e9825d7dd96ee742e3f484e5eaa32ef28d957d9bbd583c361a2e5da749d5607e2c620bb1b45bfc2dc334b07e6a8f93e3ba1757a349bf2fe5b8ef71392e2ff107142aed1ac45db4832837fb1a27d494f8e6e8fc8cb5858cfb13d31888bb5e4d75a704dde4f7a1ac9b15a53894c684f7200651b0e4c81a09b73e28251689f65197a69c77f524b6beef4d139db4a154e39e779a3afb590774f1f35cf6bd0913aa6d07d43dccb8e8ad7018e0ca70efc57955d82102143db38373c4b1e58ee223fc8578c2caedb0c26d26b9b9f552bf6f6819ae5b4369d6a0375fdefea033ea06a8cfdbd52ab7759333c1d6e678a2e5609aae934768326090a26d4aa5eeee18b19fa2c161362629eede7e22a375eeba3c202dce0b0c18c0d924f13727a947746e456d0daefa6edd7cf23a2b6a78fdeb82ab769e1c449008d557165460dea7df6eadfe2fede3d147a692cad31ab3f764275fc1576cec78a8010792b2ded524a3e2288731cd3910479aacecf6c6a749869db3913ab82b98b158fedf6d4761a932a5330edf00743733e00269ea5dd5c76976e3309863589b896d364c17d432003c40ccf45c5e93c905ce32e712e7139927325076c6d6ab89a9f32abf78e83200721a23d31dd1d02e8e1c7b71fe567b9d1d4d1650e9a22e8713acbca6273d302c9b08212397a9af38a0cd2958578258534f1babb46ada1e60fea8156aeec9f445712410bd5298781e4b9afb7a3be91b66ed76bdc60dc6932ade37b503ebcd65f1bd9763c39cd963cddae6920f8f1513666caaa25955ef0eef10fd204402b4912d655d97bd9146c26c82d74db4954edc0e258669d5deb03744a2ec63c96931ce6dec9512e37eb614f0e470295f882d17595a7b2f14e649ae41de881946f44ca8bb4b0d5e997329e22a3de377ba2091bc75f0ba3b3de2b9da5b500ce40e239e6abb0bb4ef0d24f4f455d81ec9626af7b17887b9a72a60c03d488b2bba1b3dac868111929ca2a1f406ed59020546ef11c1d91f35754df21563c7ef1bc9a479952d9520288aa9152a405cdbe2e626d429f12ea87c0068f75bdf9d39715cb7e24d5f998cdc06d4e9b5bd0bbbc7dc2d719db0e4bd33185a1372a7426d310213caeac71d3cee4cfca9690444ca69ead93aa909613a521595743cd0bd09253920484a9138902e4c01993904043c5d320870c8e7c8a6e18de3c4266076ad3c43aad3602430097719710377c925174384e85619e3df4ede2caf8f6b7a9973cd0aa35af37bcfd787352b765b2155e218419d382732d348b1a180769508d00b11e451c606b024fce681f91b22dc66152b314e02da7146663aaf055e529ea2f68609ad6fef2a6fc9de3bddebcc8dd68b0ba2774136e43f52a9198e79b95330ae738f24ae73e1e9600c9ba8b89645d4ca62cabf1efd1656ecd0cd4bdd07158ab4648754919dfa282ca2eacfdd121a0dcf1e41495ab9d9037cef7f08cb995ca7b435f7f17887f1a8effaf77e8bb5e1a886b5ad0200b42e25b446f3dee03f8dd3cfbc6eb7e3f6e6fc897c3a46685e72f3579cbade71f4d39369a571413ac04a552e27b4b45bf84177a7bdd55627b5af321ad0df32b0b63aa615ae851eb63a933f13da394c9f20b078adb955e6ef71cec2428352b7f929792e71feed9e3fb50c6da9b778f1361e4b35b5f6dd578dd73cdf41603f5556da88159d254d5cc74d77c3a32faf7bee53f2de72d063999902e3d792cdfc379dfc41fe9a63fece5aeacdb7aa9ad311f62e31af68137168564fc2349be4b1eeaa69d4df6f8f3e6afa8ed46b9a24c7353b68b11b1299e3d41fd579bb2068f3e40a8f4b1a72debf1d3fda418eaad3de800eb3f447f871654f610ccb9dcf21752a9e0f76d9f3b7aa8543688310e3ec96bed000403e3cd1747b48c5540d19acee2b1b26546da9b5f7896836199e2792a41bcf7e703c7c945a16dbdbe6071cefe2ae767510c110a26030f002b3a2d8fb944098d773d3cacb85619faf1b9cef22f9aee15886b1c740c793e0c25709c21ee8e83d95c466915a9017191f4e48254ca4fe3706c532b610e6def0f51d78aeac73df55c1c9c5abb8153091e9cc09af5ab9febce7a6ef21cf344dd8bda7d9723d1297c7543714921349ba01c0a0b8ea8ae2a3d57a0db2f870ff00fce35ee797796c9d7fbe792e7bf0fabc55aa0ead6fa13faadfb6a64a558fa41c4d0cd516d1f994a774dbcfc2169eb0cd55e2c074ca95b3143b55519a3749124429353b60f7812de53394eb965287b4b66d333dd1d554ff00c4f33cd1b89f1c971436dbf7a5a5d19de22ea57fcad4758ba00d1b37f1551470916192b7c0e027ef459dbb698cd7b1e9d42eeeb47d9e3cd5cecdc11104ea8982c135a2c04f156f469ca2451f469671e4a55041a6df746615415fdb0c6fcac1567644b0b1bd6a1dd1f55c82936005b7f8a98d3fb8a00d8ef54773dd3badf73e4b134c595c6598ed45a7508ba8d174e09b34f21aecc41e23ebc545a9817e60023a81ee926dea9ecad1afb2b99d8cf2e2c72f8ac7143a7534d512502a375496909131b5272484a03cf7215428850eaa02e7b16efdfbbf2fd56fd8f32b93ecdc73a8d56d41a1b8e2350ba86cec5b2ab0546190ef31c8f35362f0ca6b4b0910a057a77e4a7526f3b25ab4011310525b358aa3c2ff004511ad8cc7df55698ca7788be8a316687d8fd14e8f6845970ae304408cfcf350dd8719dcf0d27a2b5c26186e0e3e6968f6b2c3df5d74bf456b448893a5bd540c1d3206503cbef252e9777283ea8869032bff00a4adc90b250f6a62cb6993c01f64538e75db4c77cec63c8c981b49be125c7cdc5543101ef9738f124f99254969b2b8c32bd9c0a7a68364e705493da78fdd90c754ac298fcffc202214ef97c52c8d3efa94c714c88e8d122f4242805843a82c8887502091352acb636d6a98774b0cb4fe269c8fe879aaf6b657b2cd5692eabb136b53aed961cbf134d9cd3cc7d42b82246ab8c50ace6b8398e735c322d241f35abd97db8a8d1bb5e9fccfeb6c35fe3a153716b8f24fad6d7741bfeaa397b38286ded360aa8bd57533c1ec3eed94d6ed1c2ffecd2f1711ee146ab4dc4adfd0857d8268dd8859fa7b4308d3271547c1d3ec119ddaec0b447ce2e23f918e77a908d51b8d1104d87df244a4d8ff004b1388edfd36da950738f1790d1e424aa0da7db2c65505a2a7ca69d29f74c702f3de3e68985a579318e9db536ad0c3b49ad55ac3c3371fcad175cebb4bdb37573f2e8b77299b173bf1b872d1a3d7a2cab8de4924ea49927c4a6d232ee81578e99ffd2d4ba61158e8cf24d013804019213fe10d863a7b27bde070403daf8cd35f59875c94424bf881ee8d4e900100c2989c45934a64f2f2f05e39a03c50aa84426e9953240069a26ea633244571984ea5c13412334748500315427070485a135cc1c100f2e4d3502f3698e08cda63820021e7404a7b6938f2521a12ca611cd0033ba5c3b13ea1b14b40d94e478fb1d282bcd0901f650d1e27ef8a61a13ee47e89ee374ac280f34273484b5b43cd36501fffd9, 'smth');

-- --------------------------------------------------------

--
-- Table structure for table `adoption`
--

CREATE TABLE `adoption` (
  `MemberID` int(11) NOT NULL,
  `LeopardID` int(11) NOT NULL,
  `Daysleft` varchar(30) NOT NULL
) ENGINE=InnoDB DEFAULT CHARSET=latin1;

--
-- Dumping data for table `adoption`
--

INSERT INTO `adoption` (`MemberID`, `LeopardID`, `Daysleft`) VALUES
(1, 1, '');

-- --------------------------------------------------------

--
-- Table structure for table `area`
--

CREATE TABLE `area` (
  `AreaID` int(11) NOT NULL,
  `AreaName` varchar(30) DEFAULT NULL,
  `CountryID` int(11) DEFAULT NULL
) ENGINE=InnoDB DEFAULT CHARSET=latin1;

--
-- Dumping data for table `area`
--

INSERT INTO `area` (`AreaID`, `AreaName`, `CountryID`) VALUES
(1, 'Krimeia', 1);

-- --------------------------------------------------------

--
-- Table structure for table `block`
--

CREATE TABLE `block` (
  `blockedID` int(11) NOT NULL,
  `ipadd` varchar(30) NOT NULL
) ENGINE=InnoDB DEFAULT CHARSET=latin1;

--
-- Dumping data for table `block`
--

INSERT INTO `block` (`blockedID`, `ipadd`) VALUES
(1, 'dummy');

-- --------------------------------------------------------

--
-- Table structure for table `bon`
--

CREATE TABLE `bon` (
  `n` int(11) NOT NULL
) ENGINE=InnoDB DEFAULT CHARSET=latin1;

--
-- Dumping data for table `bon`
--

INSERT INTO `bon` (`n`) VALUES
(0);

-- --------------------------------------------------------

--
-- Table structure for table `breed`
--

CREATE TABLE `breed` (
  `BreedID` int(11) NOT NULL,
  `BreedDes` varchar(20) DEFAULT NULL
) ENGINE=InnoDB DEFAULT CHARSET=latin1;

--
-- Dumping data for table `breed`
--

INSERT INTO `breed` (`BreedID`, `BreedDes`) VALUES
(1, 'Amur');

-- --------------------------------------------------------

--
-- Table structure for table `chat`
--

CREATE TABLE `chat` (
  `id` int(11) NOT NULL,
  `name` varchar(30) DEFAULT NULL,
  `text` text,
  `time` timestamp NULL DEFAULT NULL ON UPDATE CURRENT_TIMESTAMP
) ENGINE=InnoDB DEFAULT CHARSET=latin1;

-- --------------------------------------------------------

--
-- Table structure for table `coun`
--

CREATE TABLE `coun` (
  `time` varchar(1) NOT NULL
) ENGINE=InnoDB DEFAULT CHARSET=latin1;

--
-- Dumping data for table `coun`
--

INSERT INTO `coun` (`time`) VALUES
('5');

-- --------------------------------------------------------

--
-- Table structure for table `counter`
--

CREATE TABLE `counter` (
  `Visitorcount` int(11) NOT NULL
) ENGINE=InnoDB DEFAULT CHARSET=latin1;

--
-- Dumping data for table `counter`
--

INSERT INTO `counter` (`Visitorcount`) VALUES
(207);

-- --------------------------------------------------------

--
-- Table structure for table `country`
--

CREATE TABLE `country` (
  `CountryID` int(11) NOT NULL,
  `CountryName` varchar(20) DEFAULT NULL
) ENGINE=InnoDB DEFAULT CHARSET=latin1;

--
-- Dumping data for table `country`
--

INSERT INTO `country` (`CountryID`, `CountryName`) VALUES
(1, 'Russia');

-- --------------------------------------------------------

--
-- Table structure for table `error`
--

CREATE TABLE `error` (
  `errortimes` int(11) NOT NULL,
  `ip` varchar(30) NOT NULL
) ENGINE=InnoDB DEFAULT CHARSET=latin1;

--
-- Dumping data for table `error`
--

INSERT INTO `error` (`errortimes`, `ip`) VALUES
(5, '::1'),
(2, '127.0.0.1');

-- --------------------------------------------------------

--
-- Table structure for table `five`
--

CREATE TABLE `five` (
  `times` int(11) NOT NULL
) ENGINE=InnoDB DEFAULT CHARSET=latin1;

--
-- Dumping data for table `five`
--

INSERT INTO `five` (`times`) VALUES
(0);

-- --------------------------------------------------------

--
-- Table structure for table `forum`
--

CREATE TABLE `forum` (
  `FID` int(11) NOT NULL,
  `FDES` varchar(100) NOT NULL
) ENGINE=InnoDB DEFAULT CHARSET=latin1;

--
-- Dumping data for table `forum`
--

INSERT INTO `forum` (`FID`, `FDES`) VALUES
(1, 'Membership'),
(2, 'Save the leopard'),
(3, 'SAL'),
(13, 'SSl'),
(14, 'SSA'),
(15, 'gg'),
(16, 'fsdf');

-- --------------------------------------------------------

--
-- Table structure for table `forumtbl`
--

CREATE TABLE `forumtbl` (
  `pid` int(11) NOT NULL,
  `ptitle` varchar(100) NOT NULL,
  `pauthor` varchar(30) NOT NULL,
  `pcontent` text NOT NULL,
  `ptype` enum('o','c') NOT NULL DEFAULT 'o',
  `FID` int(11) NOT NULL
) ENGINE=InnoDB DEFAULT CHARSET=latin1;

--
-- Dumping data for table `forumtbl`
--

INSERT INTO `forumtbl` (`pid`, `ptitle`, `pauthor`, `pcontent`, `ptype`, `FID`) VALUES
(1, 'T', 'Nick', 'This is a test for text.', 'o', 1),
(2, 'T2', 'Height', 'Just something random', 'o', 1),
(3, 'T3', 'Nick', 'Stupid Test', 'o', 1),
(4, 'T4', 'Height', 'So weird', 'o', 2),
(10, 'So not cool', 'Nick', 'sleepless nights', 'o', 13),
(11, 'Save alley long', 'Nick', 'what', 'o', 3),
(12, 'Show Should Advance', 'Nick', 'What\r\n', 'o', 14),
(13, 'T5', 'Height', 'Testing', 'o', 1),
(14, 'Another test', 'Volta', 'whatever', 'o', 1),
(15, 'Image test', 'Volta', 'nothing', 'o', 2),
(16, 'so with', 'Volta', 'dfof', 'o', 2),
(17, 'Does', 'Volta', 'this work', 'o', 2);

-- --------------------------------------------------------

--
-- Table structure for table `history`
--

CREATE TABLE `history` (
  `History` text NOT NULL,
  `MemberID` int(11) NOT NULL,
  `Time` timestamp NOT NULL DEFAULT '0000-00-00 00:00:00' ON UPDATE CURRENT_TIMESTAMP,
  `ID` int(11) NOT NULL
) ENGINE=InnoDB DEFAULT CHARSET=latin1;

--
-- Dumping data for table `history`
--

INSERT INTO `history` (`History`, `MemberID`, `Time`, `ID`) VALUES
('t', 2, '0000-00-00 00:00:00', 3),
('j', 1, '0000-00-00 00:00:00', 4),
('f', 2, '0000-00-00 00:00:00', 5);

-- --------------------------------------------------------

--
-- Table structure for table `lastinsertedleo`
--

CREATE TABLE `lastinsertedleo` (
  `ID` int(11) NOT NULL
) ENGINE=InnoDB DEFAULT CHARSET=latin1;

--
-- Dumping data for table `lastinsertedleo`
--

INSERT INTO `lastinsertedleo` (`ID`) VALUES
(5);

-- --------------------------------------------------------

--
-- Table structure for table `lastinsertedmember`
--

CREATE TABLE `lastinsertedmember` (
  `ID` int(11) NOT NULL
) ENGINE=InnoDB DEFAULT CHARSET=latin1;

--
-- Dumping data for table `lastinsertedmember`
--

INSERT INTO `lastinsertedmember` (`ID`) VALUES
(7);

-- --------------------------------------------------------

--
-- Table structure for table `leopard`
--

CREATE TABLE `leopard` (
  `LeopardID` int(11) NOT NULL,
  `LeopardName` varchar(30) DEFAULT NULL,
  `Age` int(11) DEFAULT NULL,
  `Photo` varchar(255) DEFAULT NULL,
  `Yeararrived` int(11) DEFAULT NULL,
  `BreedID` int(11) DEFAULT NULL
) ENGINE=InnoDB DEFAULT CHARSET=latin1;

--
-- Dumping data for table `leopard`
--

INSERT INTO `leopard` (`LeopardID`, `LeopardName`, `Age`, `Photo`, `Yeararrived`, `BreedID`) VALUES
(1, 'Cheez', 5, 'l8.jfif', 2017, 1),
(2, 'CT', 14, 'l2.jfif', NULL, NULL),
(3, 'KL', 13, 'l1.jfif', NULL, NULL),
(4, 'SL ', 16, 'l3.jpg', NULL, NULL),
(5, 'Something', 13, 'l7.jfif', 2018, NULL);

-- --------------------------------------------------------

--
-- Table structure for table `member`
--

CREATE TABLE `member` (
  `MemberID` int(11) NOT NULL,
  `MemberName` varchar(30) DEFAULT NULL,
  `Email` varchar(30) DEFAULT NULL,
  `DOB` date DEFAULT NULL,
  `Address` varchar(100) DEFAULT NULL,
  `MembershipSD` date DEFAULT NULL,
  `MembershipED` date DEFAULT NULL,
  `Activ` char(1) DEFAULT NULL,
  `CurrentleopardadoptionSD` date DEFAULT NULL,
  `CurrentleopardadoptionED` date DEFAULT NULL,
  `Photo` longblob,
  `MembertypeID` int(11) DEFAULT NULL,
  `Fees$` int(11) DEFAULT NULL,
  `Phoneno` varchar(15) NOT NULL,
  `Password` varchar(30) NOT NULL,
  `Postalcode` text NOT NULL
) ENGINE=InnoDB DEFAULT CHARSET=latin1;

--
-- Dumping data for table `member`
--

INSERT INTO `member` (`MemberID`, `MemberName`, `Email`, `DOB`, `Address`, `MembershipSD`, `MembershipED`, `Activ`, `CurrentleopardadoptionSD`, `CurrentleopardadoptionED`, `Photo`, `MembertypeID`, `Fees$`, `Phoneno`, `Password`, `Postalcode`) VALUES
(1, 'Nick', 'Nick@gmail.com', '1977-09-09', '55, mount heavens, san franciso, California', '2019-03-01', '2020-02-29', 'Y', '2018-05-02', '2019-03-02', 0x2f396a2f34414151536b5a4a5267414241514141415141424141442f3277434541416b4742784953456855534568495646524156465255564678595646525556465255564652555746785556465255594853676747426f6c47785556495445684a536b724c6934754678387a4f444d744e7967744c69734243676f4b4467304f4778415146793064485230724c5330724c5373744b7973744c5373724c6930744c5373744c5330744c5373724c5330744c5373724c5330744b7930744e7930744e7a63334c5463334b7930334c662f41414245494151414178514d4249674143455145444551482f78414163414141424251454241514141414141414141414141414141415149444241594642776a2f7841424145414143415149444251554642515549417745414141414141514944455151684d5155535156466842694a78675a45796371477877524e535974487749304b537775454846425a44676f4f7938544e545978582f7841416141514143417745424141414141414141414141414141414141514944424155472f3851414b42454141674942424149424177554241414141414141414141454345514d4545694578515645544647467849694e53597145792f396f4144414d42414149524178454150774456494141764b674141414141414142425247794b766959777a6c4a4a6451416c417a324d375578672b374279536275314a4a356448314f4c7448747a47556255344f4d2b6273313543636b6837576275776c7a794366615776662f7954384e3532394754513752317372797a3535332b44492f496966787339586c4e4a4e76516565562f346f72782f65753378354c366c696a32777262716935576157556c624c6c64635155304a775a36596854433448747a4a5756616d70633530335a76713473316d4332725271783371645253566c34727858416b6d6d527072737643434a2f4557347841414141414141414167414c41414367414141434141436863514141555a4f615762612b51566169696d32374a4745375137657131487578696f557576745358506f6853644453733665332b314d5964796e33706330386b592f4862596e55567054666d3338446e3469666d51654a6e6c6b624e4d6361524a4f7339584c346b4c53614356744347617a7962495754326a326c785932542f774378726c2b754247376a46512b552f55696c55664d624942694a36654a65686432667453564f5739463538657136387a6c614d423249332b7a4f3137336e704739335a743264744d75486b626e5a32307164614b6c4236353235666d65454b6f2b4231746b62617130487655354e6648315845736a4d716c6a766f39734179657a2b3231427150326a635862506a6d61664459694e534b6e42336939487a366c746c6256456f4141434156694141414b4941414b494b4141494b43454143746a61626c47793136364c71305a4462577a6f5a32753561755435386b74463464545a346a5458715a62467933354e72532b585871565a5a4b4d65532f4242796c775a535779352f39366a5a62486d2f316d61716c5134736c6a51346e4f65526e5657474a6b4832646e3038324e2f772f4e506f6250374e445a55304c35474e59596d516c734c726679494a37456c65316d6243564d6a6c537a443557532b434a6c34646e312b38382b5839534847374a70773062767934506f617570534f4274476c4b557252566b7549347a625a47654b4b58426d363149676b645445595a4b3939654c3465527a6d737a544632595a78706b61434c4a4a77734d4a6c62526532666970526c645738477375715056657865506a556f6273636e47633777627a6a765375764a765138677076506f61587333744a346176546e2b34326f54584f4d335a33384c702b524b45715a4355625236304b4931624944515a77414141414141474f785159434d424661726a6f526b347962545851622f38416f302f766641356d30332b316c356649724a584e6b64504462624f64505654556e46485232726a6f75436a42336374656b562b5a783477466c6d37384353434f427170334e706448714e486a63635376746a6f5248376f73496a74334d796d735a756a5a524a72445a51414c4b386f6a4845735351317741646c61614b6b7350664f7830705147376c304e434d6c74796d6f364c557a4d344d322b334d4c7657794d7869735061793954546a5a6a7a52354f6333664a6a596f7352687745747158475a6f66546f36466d6f377072706234616b464b367a38666f4a4f562f6b7869505a396b62526a576f55617538727a70786256394a4c757a586c4a4d754b70486d765538363746316d36456f5057465232393261763841386c4c314e465139755076522b614f706a774b63464b7a6a356455345a48436a534f6f75613955472b756139544f346c392b587650356b524e615a563256765775366f302b38756139514d796744365665772b74663854554141475136426e7471564c565a2b4e76674e7756657971506971622b4c73697674696637617037333049634e5539706330766d62386a724133396a6e596f5871462b53536e456e6a344449496c5235523873396d75423857507551706b6951674a4549496862674a695747535137653147536b4d424c446430653757456b78694f66744f6e334c32304d666a4539362f4274477a3269386b764d795750656668646c324d6f7972673545316136363347505472652f6c775a504e5a5a745734666b5156493239452f4a6d677874435371575667587a596a6a6d436a6f536f676166735a557972663766383536525177634f363933504a2b646b7a7a507373725271766e75722f6b33387a31536c70487758794f676d316869633177547a797637475a727a37307665667a4a63486a767337354a3374716336745537307665667a4c6d7a6350436f704f64525161615673733772584d3375746e366a6e714c33384851687458652f636a6c2b766f41326e676155622f74316e626975462f7741774b66322f52663841752b312f68326d4b63356256687966774657316f636e38444c38552f52712b6f782f794f52744c5a56656461636f78546a4b56303772517255384f3662635a3255387372337361576550696c475454744a585871596646554b30716b35715366666c6c787466384149723157536178552b756a52704934336d7464726b376c474a4c4b475279646e5970767576326c6c5a366e5633386a694e636e6654744436644d6c53364657654a73694f57303148674644624c7249694b6c744b6e504b39695755317764776f5359317577673255684b756c6845676d7875396d52314a456348595955474f6a654b35332b426c4e703550506d6179553875746d5a72616b622f725173786c47564844784562666c3853476f373661582b68504e65596a77306e374b7531775270737837573256375a735778317165774b727332347278755563626735553562733134506e344d497a5464446e696c465730646e7333526c396e4e714c6435744e704e35704c6976453956686f764266497976396e754968484251764a4a75705662582b747250304e497358542b2b7655364d647a676c5852793562564e757a45314979752b374c562f7579352b417a7666646c2f444933304b71656b6b2f426f6463762b6f6b7547696e3449766c4d3839636e39312f777344304363376173422f557630483038665a6d6f51627953757952345766334836456548784f354a53537a563953363974532b3748346d69626d762b565a7a3863594e66715933473551704c6a7576356d58782b312f73625a6230727675724e3947617a626373346537637a324b77696d355a4c5250524d79353437384476386d2f537932616d6c354b6d4632334375306e43555a752b36374e4e3776745735324f39684f394534654732625468615556757a7a37305730383963376e653265724b3132337a6275333162346e6e70313450543439336b725975445639436e546f373263705738507a4c3230586d30552f774336743074623636364c78356b4557736d772b4470505075742b50304c54776157615a6a362b447845576e536e4a79766d736b7463724b3268667757304d54465037574761647278342b525062775658796469636e4632655a49703352566f5931565530377153344e4e58584e452b476775463231775753494d73734a496a714e76516c72517a377a5336495a4b717445496d694763724c715a3761565237312b423236326570784d665556336432312f6f697a4832565a75696e536f58635646586265587161484237506a53746c76565877344c6f516241776c6f756f395a4c4c6f6a6f4b6f6c4a4e707464486d4f637234466968584a4a6971486375373354384c4848327a513338504b567336636b3134532f544e4453714b63624b3756754f707a6172536f59685054374a65752b3933366b49766c46386c63476d4f374d777468344c336e3679622b703145633759475748703331335476624b6f526d356279765a4c3473395842714f4a4e2b6a776553446e6d615873704c702b523073427446703773336463487936506d6948615744564f306f3333586c344d6f37784b6f35496b626e686d61444879736f2b6630417056362b395370536576655870756759766a726736616d354b31354f5667714c717a3345374f7a7a656d523048734f6633342b6a4b485a7956363639325272432f506c6c47564a6c474444435565657a67646f70576c4266672b755a516f52536a37785a37557a745568376e315a58704c7572774d6d72794f4f6e53396d375159743270637653435555697a517956797331366b315754736b634a6e6f3068736f377a75535571467642366f6870794c4d4a636d49636c774d6c684846336a62506d726f692f75386d37764c7752646a55666b4c44344473716f71724372567537366b6b61616976597576484d7454535a4137726a354d694e497056344a2b7a5a506b79764f623073573856464e58305a546c4b36733965664d43614b6d4a6c6c66695a6246564c796636387a53593132673379526e4951626161546475486a314c736652546d356447777745556f5258437958774a3850683039354a35703565656c696e675a326972363546696e546b336479536864745756705a2f65664572665a64466343594e4f465a5234587a58493547337133632b7a582b6455642f646738766d644b633072754b7a65736d3946785a784a763754455275306f786937586474466c366c75474736614b74546b32596d7a75345232676c795358706b6433733438366e684835737a6c4f566c59664773316f37655a36715545346254786b57315063614862324c6a5a5154546164337874795278767443737168653256675a5670662f4e61763649555573554b484a504c4f79356972786f30623864392b7269495364715a62763253576c706679675a4737354e616a536f3675483262537079336f51555a577464636d5730414644625a6f53726f7134725a314b71314b7044656156754f6e6b5a2b74614d705257696b3076424f7871724755327572565a64632f6f7a4e7172635077624e4130736e35515546646b39654e6d63654e615330313143654a71765064562f484935314d362b3948526c68322f2b7947724278563735465745716a7a6238557446356a315155766162747976594e704a545266776d4d7573395071586f484c7030314657746b54554d52624a6b6145792f4a325679744f7063577057794b633667416b4f71794b4e57575a4c566e784b39566b61433649363675724d71714b58417453655258714d736956794a4b5653337766784f76464f323977667a4f424a3356756173545563524f4d4e787a75766944524f4d6b4c744c456178576c2f6a2b526a4e76562f774272753849706575707036356939707a337131522f69743649305946795974584c67317659624851723146687352556c47556c2b796e6c6e4a663563723838374d33662b4634662b326670453852707a61616162545454545771616430313448746e59767447736251764b79784e4f306173656633617366777934386d6d644b476566566e496e686a3352616f646e364d6333765466346e6c36493663494a4b79535335496341334a767353696c3063376247796c58334c7a6364322b6954766533354348534157356a704367414951774f4474326a6e76636e38482f55377852327052336f2b4b743538434d34376f74466d4f6532615a6c4d52437a54746c2b7242526c46753238727267386d764a6c717248757038546d52326c436a5766326b464b6e5655594f3975363935576c6d63763748625438396e536a44725a43756e314f3353772b4354627453666458465a506f6a6e596a2b35714b5353666656374a70326373382b5155794b7966315a556e466b453532314a4d56577776326c524a53336479394e786c4a51336b38313474574f5a436171754b6a47653775326b334e72646c7a36726f464574312b4471554b313876694d72426863507536637655537379706c71646f6a6b386975337154535a576c496b5159317934454d3538416c4d676c496b6b516248746847575a46766353576c784578785979737a4534754c333565382f6d6257735a7a612b48667463744e466c6e6c625676584d757779706d625578744849697a7162423274557774614e616e3753796358704f4c397145756a4f5578365a714f657a3643325874476e6961554b394a33707a3450574d6c37554a6455576a784c7376326971344f626c546436637262394e76757a74782f444c716577624732725378564e56614574356676522f6670766a4763645634364d7669374b6d714c77434d4269464151555943444b384c78614a5031797375642b52684f315862364e4f394c42326e555754713276434c3437692f6566554877465764444678744b533450766575767875634c485952546254304f54324e783870566173616b334b56524b706554753234355050775a7071306337324f586d565466334f33705a3342464b6a437047796a5053316d316d7261575a597456627533666a6e6e346b734b6d3777544c4d5a587a346c527333702b446d7732646433656e4c677641364d4b4355624c4966474a4932527579456e774d6c6b6a6e346d6f57635256794f664e3339516f6834456c4d727a6b5072537356716b7961494d5a556b524d54556d6854364449396a4e307330496952703843776f5a6453445a5a465555717570577259626669315a337a745a4a76346c7570484e442f73386d4f4c6f726d72544d424e57647551496b786362546b75722b59794a7652796d7553576e6b574b4e61554a71644f556f5646704b44635a4c7a584172496b65684b78477932642f61546959523361734b645a72535572776c353771732f454446534165396b6471506f676878324d7030594f70566d6f55317866486f6c78665134666150746a68384a654b2f61312f75526555582b4f584477504c4e753762723475652f586e653373775755494c6c4666585575636b69754b73362f61337470567854644f6c656e6862354a507656467a6d2b585179692b416b6d4b5575545a616c5230757a31666378464f5842766466684a572b646a30467935486d6c43653431506a46702b6a75656c555a71566d74485a72776154526c7a72796239484c74446f706b314f6654496b6734333657466e597a556232304b7063534f724d56766d796e6938516b675553457045474c72454f396c63717572764d644b544a555637684b74517257624a7432354a43435143735a5470324a6f51476c7644302f55697963516a51394171307933474e6b51564d79425963367373376a38556b6f5a32732b656e6e596b6c5475794448316252345a4c657a7462346b34396c55335373772b302f2f41433150655a445443744f386d2b62624567644264484b6c3253496b69786b454f734d513055526741443553627a65704849567361304d515251355a73616b5070387841506d386a76396e39764b4d465371504f4f555a504a4f50434c664e666b5a6964527677477930464b4b6b715a4f453346326a30686253693764346d6a7447504d38797056705264314a72342f413675463233624b70546a4c72484a2b685138506f3152314c386d3172625253577565687a4b6d49633263334462536f7a615546336e6f6d732f49366b4d505834596566702f556734376579537962756953437374512b304b4653725575314b456f76537a56696568516b785553334668534870334a7157444c4d4d4d515a4e636c656853356e516f30394f6649576e534c4e4f466c66526b47793163454d342f7742537656584c51745339575635366b5232566e5a4b356e65304f4e33594e4a393670646545654a304e7162516a42586b2b3674463935394446597a45797179637061763053344a476e466a74327a486e794a4b6b514966466567526953574e5a6943706c4833766f52516c624d6b72364c7a496745574e63304b51526b30414150734a5955474d42474f6b374c71496b4d71537577415950697270726c6d4d4a4b57747841527041506b68454144466c6d6d377269754275657a6e624f4e6f3038546b34704a566c6470726c556a2f4d6a454e42456a4b436b715a4f4d33486f39716c527031347161616d75453474537938555535624b746f6556594c4731614c3371565355482b46325438566f61504239764d56484b6f716458724a627376346b5a6e686b756d61566e692b7a5a72434e42476b2b714d39542f7441672f626f54542f444f4d766e596e70647473492f616a57582b694c2b556944787a3946736373505a6f6f554f4c4a48457a3075334f44344b732f774462532f6d4b6d4a37665572667338505562357a6c474b394933492f464e2b422f4e42655453566f6e423235746d6c51693166657176534b61762f7166424761326c3273784e624a4e5534386f612f7741544f432f6a3131666d5851774e63794b636d707456456d786d4c6e566c7653666775435851674164444d314a555a4737484a43676851454d7250516a4a4b6f786f4145464541414a51414141566379456c6e6f6b6871517747714a4a45614b68414c4b4e786c6952435451414d4774446d445141456378574d695054414241516f4141677467464159694142477741516b703645614a67414252454f47496871616943764d51517773416f67415046426f51424130494b466741614b4c595159436f634e465167493267524a4a444c6741316f5734746841416367734e51344147676d4f4774414d6349784c674167677379554e397964354e7554746d3232386b6b733379535338685141454a4a35436b633364674d6168514159674546734167502f2f5a, 1, 100, '93840732021', 'new', ''),
(2, 'Volta', 'Height@gmail.com', '1980-06-06', 'somewhere', '2016-03-01', '2017-02-28', 'Y', '2016-03-01', '2019-02-28', 0x2f396a2f34414151536b5a4a5267414241514141415141424141442f3277434541416b4742784954456855534578495646525558467863564652635946785556467859584652555846785556465267594853676747426f6c47785556495445684a536b724c6934754678387a4f444d744e7967744c69734243676f4b4467304f4742415146537364467830724c5373724b7973724c5373724c5330724c5330744c5330744c5330334b7a63744c5330744e7a63334b7973334b7973724c5330744b7930744c5373724b7973724e2f2f41414245494151734176514d4249674143455145444551482f78414162414141424251454241414141414141414141414141414144415149454251594841502f45414473514141454441674d46426751444341494441414141414145414168454449515178515155535557467842694b426b6147784278504238444a793052516a516c4a69677548784661497a564e4c2f7841415a415141444151454241414141414141414141414141414141415149444241582f7841416a45514542414149434177414242514541414141414141414141514952417945534d554545496c4668635945542f396f4144414d4241414952417845415077414a4b61577035433943646a4d304e536b4a7a516c4b57687349424f4366433943656753553135546e4e5133354b61464674426f4c6c56316e71586a716e654b727a6371467739726b35785139315041544d7245352f447853536d6e556e374a51526b4a4376536d6f4248787752614e4d4242636e74656d4362522f437333567a56356a6e575648557a576d4c5049744a48616755676a74576b5a30344a556753776e454f724c304a5146355a4e794c79387649425571534571424458494e5a34414d6c474b7a2f615773384272577a33706b2f7969325841714d6c597a64526361774630676a36716e78474b6379597035584d2b3651346f4178633872483738314d6f506134577a453931777a343571472f696a5574704178335230466a7a6a6970374b6a58784843342b2b696a56396e7349336d7473444d416d527838454842676a573464415041634439364b3469724e744670316a32543852514241765944686d6d794d75596b3874556431554e48473333413856566b5449696673742b664b535936414c7a734166734c3154486d446d317671664e566d4978774e7071452f6d6464525636696456776268704b6a674b43635542654b6a547844763052364f4c6362676970794d683367434c70624867544869796f71697663545759384553357047594c545a5531656d41667841725447786c6c6a53556b5949644e746b554c574d4c374b45354e546c5358574772304c7962764c4a73664361516e684d4a525949384634727946696177593075635941456e7071707170325a69385131676b6c5937624f4c4e593366416d5948315554616d30716d49635344445034527848465672364f6d385055724b35626259342b49357737522b4630386252364c31476f527236354a6d46424567384a48687752584d376f634f4d4877766447317258443138336167643463526148446e6d6a31715551654a377834694a423859506b6f6d447077476d386d516568336950594b64576644476a57664b4c2f552b6149534978784c6e4f69784d41654f76684365344f4f6f4a397075544d496a4b5a7349734c6b2f546f6a4e704e67612f574f453663796e63696d4b452f444f636246726a36656f54502b4671484d41366d4352486a7170543861477a7569424d444f4365553578782f5256574d7864616f43413530546b44416757756571577a3144363278584166674a2f4c336950565672384c653238434f4c6675452b6c6861674d696f51376b3879704a78726a2b37784d752f6c662b46342b6a78366f50534c382b65362b442f56714f6346527352534c5446723547624563517039624441354f2f4c6b516542427a51583048676272783363776635542b694a5373334556694b314e3359736339667679547775714f484c32517032386b54374a6b366d5376627138416e516f616c4338764c79564565637366326f783465666c7a595a6a696561304732635a754d74473862446c784a35414c6e653063564a674763377a47655a3672444f2f4933343866746571764d6651516f774a4a5461564a7a6a41456b32486a5a6448374a3968675971567866526e443879556d6d306d37746a734c68487744424d476631485171572f446b4e64614e34544751742f6a3358586d396e714962756867694f4156507462737333644a5a396962706472385935304b753632446d4c6542496c536a5742494a64494144764c4d636f5264726241714e644f36636e6634566668746e56533044644e77622b4d4832533869384b4b2f4632674541754d416e2b456175395368596a6141444157326d62617842676466386f56665a56535967356b64495676674f79465234467047756571567a687a6a724f2f74526341414c44586e6f50716875592b496933446a31383130664364687167614f344a6e65503048676a5933734e564937704463794c584a316e6b6a792f67586a637961776941584477462f6555616c55693037772f6c6463657558677032324e6a5661443471413379746e3436717466576144336834695166305662326a5768616d46446d6b742f434c6b514a5a66574e4f61414831476631446765484a7752614e63744f383039443774636c784248346d32346761482f414769436744647143572f69476d52516f586e564f396362727863455733687a434938413342746e3036726f3473766c63764e683967546b3571527963304c574f6175727443527965553071493265616c6555306c65492b2f424b68692b32474f4964757a784867496e7a4e76425939747a3965437475316279613768475250764b71384d7954476d71776b39757235493233772b32554b6c62656a75302b385362792f4e766c6d7574555767434d6c6b50683368417a44683272795848544d6c617776543030696378796675413846445a55526d31456d684b757a474f3048336d686e594e4f77445938745a6c53716464502b644b56304f304b6e326470534a6266697258443442724d674951323470465a69553534784e38716e553659416b494e59434d6b45596f5a53686e454b376c4554444c614a74585a7a4b7243787a515152314b347432733241326e5563304167692f7744624f664e64304c35574b2b4947414436587a414c744e7a794b79796e324e5063635567307a4950555a67715657634e30506162474a36356634544d6577676b48505437314344686176644c534c544d6546306534793942567a3565794a6848324934585171356a4967684a51644236384665505363357561535870375531505856486e313171454f714557554f6f5a57625931696443613279666d6d484e4f324e514f785653497444534f6563716f7733415a6c547472672f744f49342f4d2b6939734444372b495930617576345a726e79645748783250594e5035644b6d336730657973366b6e4a524b4f6755746e43465661776a543052415443665370644a366f3477784979396c4e5841477636496a616835656138634d65586d68736f6d633146584262386a34707a586e6755356c424646416f6b4777766e6355536d394c387637684f617a6b6a51507150674b7132315433364c7879506e6d706a6e53554f754a61527952765a5870776a62314d62784174714f4867715343446c6e6d72337453306971397642786a6c782f307336386b48315478394d632f596a6d67395239794f49515748644e776b4c736b55415776344b35307a715a6e6445424b457a496441696864575070775a2b335769454a7852676850437a61686b6f6c49706843576d6d47453761624d6454717672674530366d3776663076494942504b784869453334643074374539476b2b646c724f3032432b6268716a422b4b4e35765674777339384c615a4e6171364d6d4163376c593264756a444c7030796d6238314d6266717370326b326b36674737755a7631354b6f6f397236354f514868592b4b4b316c644242633071565378424763656177423761752f695a3547396b624464734b626a4242484252576b726f6a61774b62387762782b39466d384674446566622b5766565338525663304f6363732f524c61347657596c6f744b4b6172542f433378574f787531325578764f4e6c415a32347067774a505545665245794b794f677441503849386b3577455a42596568327961525a7748675568375a58673863347436575639574d2f7257507035354b4f375563426671717a42626662554f364a36332b77724678422b3831476f303374794c74336849713148786d35784839735436454659707a744d2b483665345855766956674475436f50776b6a65354f496966455250514c6c565165695744506c68714e5445432f2b2f31533448435071314773594a63346744373057713231735631505a3533326756614f4944484563484e34363363504a58767552457874787558374d2f5446686f6a49636f6936354e523575643764614151366f526b4a34554e516b3569386c41534d74526f49673547782b71722b7a6545465046347072577749706b446c47617348424e3265774448566a2f4e5270484f53544a4868776a6b707262692b704731384d7835373251763461685a58485679357a6d30615462576b69543469773853747669634b48574f76445651762b4f59775177526563704d724f2b33544a30353369384e69336e3844596e514d62625852424f7a363149627859535a2f4446774f4949572b646861306e39324431685062732b6f6275416279463072712f44317276614432514c6e75446944667577625243337a734753777a455264556578396e62727754655450705a624239507570534b3336636e37515962355a4942633443544145774f756757534c61726a33614d786f51627a7a6b4c726d30746e456b6c73417a395a5075714f7667586779424a344c4f61586c746b634a74427a65362f416e387a5335747453515156645948465956304e6348556964486a4f6544736c613043516230723853435236354b6269396b4d72744163473645574f666972362b496b73397659505a444151366d5a35357138593633454377566667646c7659304d744843342f32724a744167585374364f5456554862436d4859647a534d79333358454b37503368614c336763394175396470634e76596570475942496a6946797a7354734c352b4e62764357734271524765376b44346b4a347a33556374376b61583465646d666c744e656f4f383677423041346559567032366f41596245756752552b5338666e61344e5073454c5a6d4b71373732756448654d4e30414a4d51504a522f6958584c4d4e68364a4e366a3350504e72422f384154683549782f565930354a3463642f707a675a6f6b4a674630526437784d7662726b49547769706a67736d77554a51315041533771444d6346366b33647868455a3047456e6d48475234536e4f513373642b324d7177643030433048535134544a3433506b6f725869586a44504c3739314c703461526452634b2f30566a53665a5a313134682f736144576f4164564f6456417a4b694f7268784f364a6a58525474646861466e685837626a7756546836566849567651694663694c36564e576b6948444e49453252616f4f39594a726137525a774957636d713174334176324d4a57594f4d6a34473455796d414c69364c7674685670473746654b58706f6450796e676b716e524c6965736344775559767570744376375176446146576244645073734e384c674258714f344d6b482b36434165713265333730617635484c48664470676c31393257376e51755030684f58716f7937796a5a56396d373159504459614c6c326e536456676669786943374730572f7774777a5377666d71506b2b4f364631656a5362387635626a7663546b754c2f4548464372744773526474494d6f4e2f73614a3953552b4f626f2f49793168597a3745394d59694c74655458576e424e336b393647736d78576c4f4a544768506367426c4777354d67614362632b4b43555769665a526c366163642f556b7472377654524f64744b4655343535336d6a72375751643038664e633972304a45367074423951397a4c6a6f72584159344d707737385635566467684168513973344e7a784c486c6a75496a2f49563477737274734d4a744a726d3539564b2f6232675a726c7444616461674e312f652f71417a3667616f7a3976564b7264316b7a504231755a346f7556676d71365452326779594a43696255716c37753459735a2b69775745324a696e75336e34696f335875756a77674c63344c44426a41325354784e796570523352755257304e7276707533587a794f69747165503372677174326e6878456b416a5656785a55594e366e333236742f692f743439464870704c4b3078717a3932516e58384658624f7834714145486b724c653153536a346969484d63303545456561724f7a327871644a6870327a6b5471344b356978575037666255646871544b6c4d773766414851334d2b4143616570643163647064754d776d474e596d346c744e6b7758314449415045444d394678656b386b467a6a4c6e457563546d536379554862473171754a71664d7176336a6f4d67427947695054486448514c6f34636533482b566e756448553057554f6d694c6f6354724c796d4a7a30774c4a734949534f58716138346f4d30705746654357464e504736753061746f655950366f46577275796652466353515176564b596542354c6d7674364f2b6b625a7531327663594e78704d71336a6531412b764e5a6647396c3250446e4e6c6a7a64726d6b672b5046524e6d624b716957565876447538512f534245417253524c5756646c37325252734a736774644e744a564f3341346c686d6e5633724133524b4c7359386c704d633574374a5553343336324650446b63436c6669433058575670374c78546d53613542336f675a5276524d714c744c4456365a63796e694b6a336a64376f676b627831384c6f3750654b35326c7451444f514f49353571757775303777306b395052563242374a596d72337358694875616371594d4139534973727568733972496142455a4b636f7148304275315a41675647377848423252383164553379465750483778764a70486d564c5a55674b49717046537041584e7669356962554b66457571487741615064623335303563567933346b31666d597a63427454707462304c753866634c584764734f53394d78686145334b6e516d30784168504b36736364504f354d2f4b6c704245544b6165725a4f716b4a59547053465a5630504e4339435355354945684b6b5469514c6b77426d546b45424478644d676877794f66497075474e3438516d5948617450454f713032416b4d416c334758454464386b6c46304f453646595a3439394f336979766a3274366d58504e43714e6138337650313463314b335a6249565869474547644f436379303069786f5942326c516a514378486b5563594773435438356f483547794c635a6855724d553443326e46475a6a7176425635536e714c3268676d74622b387162386e654f3933727a49335769777569643045323544395371526d4f65626c544d4b357a6a795375632b487059417962714c69575264544b5973712f4876305756757a517a5576644278574b74475348564a47642b6967736f757250335249614463386551556c6175646b44664f392f434d755a584b65304e66667865496678714f2f363933364c7465476f68725774416743304c6957305276506534442b4e30382b386272666a3975623869587736526d686563764e586e4c7265636654546b326d6c63554536774570564c696530744676345158656e766456574a3757764d687251337a4b77746a716d46613646487259366b7a3854326a6c4d6e794377654b32355665627663633743516f4e53742f6b70655335782f7532655037554d62616d3365504532486b73317466626456343358504e39425944395656747149465a306c54567a48545866446f792b76652b35543874357930474f5a6d514c6a31354c4e2f4465642f45482b6d6d502b7a6c72717a6265716d744d52396934787232675463576857543849306d2b537837717070314e39766a7a35712b6f375561356f6b787a5537614c456245706e6a31422f56656273676150506b436f394c476e4c657678302f326b474f717450656741367a394566346357565059517a4c6e633868645371654433625a3837657168554e6f6778446a374a612b30414241506a7a52644874497856514e47617a754b78736d564732707466654a6144595a6e69655370427650666e4138664a52614674766235676363372b4b75646e5551775243695944447741724f6932507555514a6a586339504b793456686e3638626e4f38692b61376857496178783044486b2b444356776e4348756a6f505a58455a7046616b42635a483035494a55796b2f6a634778544b32454f626538505564654b36736339395677636e46713767564d4a48707a416d7657726e2b764f656d377948504e4533597661665a636a30536c3864554e78535345306d3641634367754f714b34715056656732792b48442f41507a6a5875655865577964663735354c6e76772b727856716736746236452f71742b32706b70566a36516354517a56467448356c4b643032382f43467036777a5658697748544b6c624d554f3156526d6a644a456b51704e5474673934457435544f5536355a536837533262544d39306456552f774445387a7a52754a38636c785132322f656c706447643469366c66387255645975674452733338565555634a46686b72664134436676525a323761597a5873656e554c753630665a34383163374e77524545366f6d437754576977453856623061636f6b556652705a78354b5651516162666447595651562f6244472f4b77565a32524c437876576f643066566367704e67426266347159302f754b414e6a765648633930377266632b53784e4d5756786c6d4f31467031434c714e4630344a7330386872737842346a363856467159462b5941493667653653626571657974477673726d646a504c6978792b4b7878513664545456456c41714e3153576b4a45787453636b684b4138397946554b49554f71674c6e735737392b37387631572f5938797554374e787a714e567451614734346a554c71477a735779717756474751377a484938314e69384d707253776b516f46656e666b70314a764f795772514245784253577a574b6f384c2f4145555272597a48333156706a4b6434692b696a466d68396a39464f6a3268466c77726a4245434d2f504e513359635a33504453656974634a686875446a35706150617977393964644c3946613053496b365739564177644d675a51504c377955756c33636f507169476b444b2f3841704b334a43795550616d4c4c615a5041483252546a6e58625448664f786a794d6d42744a76684a63664e7856517841652b584f50456b2b5a4a556c7073726a444b396e41703661445a4f63465354326e6a393251783153734b592f502f434169464f2b587853794e50767155787854496a6f30534c304a436746684471437949683141676b54557179324e7461706833537779302f6961636a2b68357176613256374c4e56704c7175784e725536375a596376784e4e6e4e504d66554b34496b61726a464373357267356a6e4e634d69306b487a577232583234714e473758702f4d2f726244582b4f68553346726a79543631746430472f36714f5873344b4733744e67716f765664545042374437746c4e627448432f2b7a533858456534556172546353742f5168583243614e32495766703751776a544a78564877645073455a336137417445664f4c695035474f64366b493152754e4551545966664a45704e6a2f41457354694f33394e747156427a6a7865513065516b7167326e3279786c55466f71664b61644b66644d63433839342b614a686156354d593664745461744444744a7256577350444e782f4b3058584f753076624e31632f4c6f74334b5a73584f2f47346374476a31364c4b754e354a4a4f704a6b6e784b62534d7536425634365a2f394c55756d45566a6f7a795451453442414753452f345132474f6e736e76654277514432766a4e4e66575964636c454a4c2b4948756a553651415144436d4a78466b30706b38764c77586a6d675046437168454a756d564d6b41476d696271597a4a4556786d45366c775451534d30644955414d56516e427753466f54584d484241504c6b303141764e706a676a4e706a676741683530424b65326b34386c496145737068484e41444f3658447354366873557441325535486a37485367727a516b42396c4452346e373470686f54376b666f6e754e30724367504e436330684c5730504e4e6c41662f396b3d, 1, 100, '2033787402', 'whatever', ''),
(4, 'Min Aung Htun', 'demonim121@gmail.com', NULL, 'dfdslfjd', NULL, NULL, NULL, NULL, NULL, NULL, NULL, NULL, '0932947', 'justdoit', '');
INSERT INTO `member` (`MemberID`, `MemberName`, `Email`, `DOB`, `Address`, `MembershipSD`, `MembershipED`, `Activ`, `CurrentleopardadoptionSD`, `CurrentleopardadoptionED`, `Photo`, `MembertypeID`, `Fees$`, `Phoneno`, `Password`, `Postalcode`) VALUES
(5, 'someone', 'sm@gmail.com', NULL, 'djfdlf', NULL, NULL, NULL, NULL, NULL, 0x2f396a2f34414151536b5a4a5267414241514141415141424141442f3277424441415945425159464241594742515948427759494368414b43676b4a4368514f44777751467851594742635546685961485355664768736a48425957494377674979596e4b536f70475238744d43306f4d43556f4b536a2f327742444151634842776f4943684d4b43684d6f476859614b43676f4b43676f4b43676f4b43676f4b43676f4b43676f4b43676f4b43676f4b43676f4b43676f4b43676f4b43676f4b43676f4b43676f4b43676f4b43676f4b436a2f776741524341452b416a55444153494141684542417845422f38514147774141417745424151454241414141414141414141414141674d45415141464267662f7841415a415145424151454241514141414141414141414141414141415149444241582f3267414d41774541416841444541414141616438756e35766d507a4c6f75636b4c696b717638362f5737646e43777a6c706d4c6249374e644844764e4144656b55716f4e574e4e69366c43764e6f5665697665664c52366b6b5241356168753475734269314d53566a6a6c4e484b55724d656f4274495637476a326f4f39306847425a6a4357654931694b4a544d325a714272784a6370485a54484e3171633339725750476735704e30587034694f62306e35363651754f4b6c5a325942456346544e524b3773504c4c5a586274376f6d646456624f34613552385a75647471786f337271624b3833496b65684871544931485866487032356a47577a355775575256374478413932544f504a4775544d374d4e4d4a68594c4a7a4d7955717435356c32766b6b36766c6e73796e4c6d4f5a6d714e356b32303533306a5437706f4f3070515067716b34797562636a7a4b726f2b786e3459693350506a33637a697738334b41667a4670716c495a6c39392b692f7971393239386a71734f646d542b554e7450655a356e5858303066794f64392b7248426e553835714e4875514558302b61324c696941753248737151574e55374c755145544f654236366a453874316d63637a6b2f75484e4f743645363774314c7450576d4f55334e635173427768366155743675756c61704b314b6c445570795163797a49753538362b6d376a6e7a3066532b58307a4554476369646f4c4262535a6d68505372643839462b3939786567352b7270454f79703151656a705771575072625578356253414857735667383567537a7650325777764e4b5055507a48467249794b696a773942574642736b614e6f6e524830442f6d7165633972505066773531346f73526d67575952724f56724536556d6830643237637054556c496b577031714a486f49574c4b73746c326a73357a6d646e6e373858716f3736385266737138383867366c656649734a32307962562b6e636c4274307732594a6e6f387670767a504b5a483675706c3147716537495054724366484149476769546d7267527a6a4d44697873624b765a45324c477876484c496833544e6a5254705332644d656e54356670633565616d384d6177614f575231787770336469486f63796139793553716c57745441356471386232746f78366d423775786e36485337303644447a6c4a5a7268347946744f376b79612f4e37644f7a7a492b752f636d38724f6d36764b62356574614d593256464377734b6464656b7a794d5057337a487851675567597878494c396950725a365a5249307432616f77326b423345486f484b7a7a6651416a664f55656a376e7a766f356e7376384143666a50754d38693347626d4964776e43532b553051334f4e374d737754566f505a753964776a7136473959726d646d656c336d4f32764f467544796b636a49365047394735664d46586f37487978744d41564b454c594c4f425a775375585a75635962554b6c646b75487050386b54324e38706b573946683654764c47765433794150634c77746a3338386835376266417371303071576c73523556414c436f773668574556656c5234783266512b683876546c3957373565337a382f634b65337959417a356b526232387a4c725876636176514857704755624d5438376b3861364b6e45724e4c463431523631767975723933624d4a65726a464e6c364e384e54783053777673354f344e444e545933474e6c41574e587a31656f566b6937786958712b49777630694430426c6956635651764d45507541727138747176664f4d656e5635486f46776c4f4a67596e554e67737072306e5646766c55523750752f4b3363732f56736a72386d447a4f6b77574c324475634a595a574278644a386a567a706b2b62757248382f3676672b72717665523132345568465954617577756d454a6f536951594d4278696131664644343353323456416e586743354e74517239564167725a355931656d4d655a7453696454516a42614667474247366571564d7453656c64356c56756558364d494277767371644d79714e45597264495a367630507956334b665562357a664c7a7147584d59725a453171334546756e794f54746f4c56534c6b57664a2b5058353373363873733045745545416a4b4b69574c456b6f43326843754d544f7a676a586b58572b585772477a326a4b592f5473476b4b4b5141446d79723954784a577a5a4f68617367383159334a6a4e78703075704c31736f6b66464556434b387736704c4b4b4a6a716f6b38556d6c672b6a7a365a50543954794c4f5574336938584d33706473377537645878644a56737552524854352b7238456a4a76623073354c4b454761417071525161454b334f4d575941433359546a4241302b58765a383730594a586f7672774239325a5051696e394f583537316d4d586b2b7a4c692f4a426448714475436a57494173547a715577476a4871316133546d4d6e6249454d2b3668316565314b6d596b665435394332634c436a30764a706b3978766d332b624c6e7a55637330456f756d6c396e53724c6c382b545953387a727235424a4836756e475336626f7370536e4149572f6f6b4269516b466759637350757734533166557438312b62546235354873463537724b4b764a4d70507a3279317369646e5533676655664e575169314e795769304677744d614446616c2f524e5435703258534c5857476879477851315a5a43384c6a456f70686f697473725976394879335a6e76506873382b614355584e7644334d75612b6670504e385036483554746647394650706572704b6d74466b375377424c4e575858424a4a6c3445432f526b5643714d5355487a796d6335466c586e585a7446436e79767438357a586f374a56477063795749716c524235486f656476453473375751626d4475413435593875562b574e5553745259316b2b6f2f6736715351344e71474647687055794b36484d555a572b5673656a366e685763382b71784648687a7655383132626e58666d2f466531342f734f56694f6b306c7342376a415737466d5a754a334377584e574377795772796c5731516b58415932665373356e5a726e7a376d31464f79617059747370556f4154352f4b3663794b6474684271594a306e55585a78717a366b35544f6277364f3447575954466834724a6257514e73394a38547a30546b7048506a4d39416f6e785839463873664f2f66393433637445672f4b7a6e7751455061586a4d724d444a47476c6f537a35656e6f5448634f317179324a3537595951687159554a4c724e3744537a68724a686a305438743076726e35544a624a2b4b7963613973694f6e6962712b71556247523532586e586e4d75575268614235325667546d334164777765506a697a5274456831364e586b7450625a355673556b445562713242637a6f2b702b6539763558793438705764376475465155304f79433159785271575566647371443751537a4b6c573565514a744b504a443342742b664433557035423263525a597351304d4b6150506557756d635659426d672f4258476449326e496a4b6f69527a38504f4c305556455633524a6c7556352b2b6c6b65617a30466b4b2f564d387772777146314843484f5a434b35364b704b642b5a334e3672666d76612b58344a36664f74373375574f6f65714f484b7a6832415131307a46594a445a7974795874416f4a714842724941754d6153757a7066504430416b3878507339587a592b7a35674e555444307438366b76324671505a4c74564f674a6651365670567147515378366a455441376854747a46597962427235754b6c69634a5a696175624852476a324652513177376c6458732f45665a6645636b642f6e5664477263725559616d4246764761336a4e4567397a524f73355647476a41506a7344686d694d553667687743554d57654538394f7234386674793265667070486d72724b6d7747566c4d7759784f465434435052556f7a6544687053374649546c5652794d58463044416b433070424f6a585245766f684f5556476c6c50356648742f442f6f4835357a7a44754476587172556468614a3031673648755963585947614b524f6b73315267592b634670414652534b73686c4558486f4f383977347069716756684b314270524d6461363875686b6f335457685a784845496a696b4a616d526d6c70524755636e6c4d43454671774b79383973573941644f3558517a6c4355464b523644764d63656c30664836422b632f6f3335376a506b4b636a657474382b6772774d314c746c614f4b64672f56387062676c617532425551306c626b78716a5847456b7a6a53644d6f51515a4a4d50517943446b444f57756d77307968552b64514e5943616f5a4f3442464443496d716b5a776972517752376f574652544e674f4d5537434a566158306b664f722f5a666b6376685766654e7a6a34503076707038547a756430662f3851414b52414141674943416745464141494441514542414141414141454345514d534543457842424d67496b45464d68517751694d7a4a502f61414167424151414242514c33543347546b7a4a77694a416978736249736952356f6f6f614a496f72746c445137477979797979784d6a785a5a5a5a66466c2f364c4c46785252584b345843516b4a466355616b4757535a506845534c4c472b496b534a664e4644474e464770714f4a4b4a4b41346c47706f7a5269694c6d78794c4c4c2b464663563845524569696968784e42514e536a5553454c3470696b62456e7968634d695152455843345846477071616d7051304f49346a786b66543266342f627748736e7373396d524b456b506f322b564646464770715555554a45554a46435271616d70715678584345587a667a51686370696b4b5259754c34542b4644524f55596a7a7850646b52796e75454a393764375558497474374468435366706f736c676b69754569696849534b4b4b4e54556f53496f53456849534b2b646d78736247357679686370434b357355684d544979454c6d79783546416e3637484653396335504a6b3978337770436c5a5a624c36325a737a596c4933466b6c5576736e6949343261476f6f6969616d7052525252516b4951766e5a59325762466c6d78587953467849636a6369794c49694562477948496e6d31575831557963354d337376684b52475064616d2f635a4a7233546130386e57365063743757577932626457305179454a526b6149304b2b64434549587859324f51356d7735477873626354783055555555554a43346b5347694b4943346c4a6b70733931707979795935736c5a6646634a74487564625762554e6b706979644e6b58464875493979784d6f37464b58463052796b63746c702f363138474d6b4e44512f67754d754d6e6a4b4569696a556f614768784641574d574d316f6b5a4a556538536c59354778737862633257535a59704733646b5a4734704c6a55585247544f6d57305259365a5643364935474c4b52796d3574326e386c3847686f614b4768784e52784e54556f6e456e6a48694e5369754b474e477047496f6d6f34746b3652366951355562746b59323434364c5273683938646a4c46324f4d6b496237334e753079324c73523269374f792b344f795470335a596e5a326845474c6c4663496a3857506d754b346f386b6b4f4934456f464352525130554c68736b7a506c696a50505a71496c52426b706458785131493975526f5646446b68794e7a706d707152677545577a486b6f7276617a2b7937693732473270526c527459354e4f4d6a476846464555496f7235736646466642464646456f6a675555554e63624a447a6f6c6e4a35585753524b687956576853366a6458334379364c4e30537944646a6447342b304e7354453052534e445561496a737354735831632f757057694d6a617a30365678614658432b56383257582f7259796a556f6d306965654b4a353278794e7a6179624d6a472b374c464f6a6670356150656b5735634c32326e6a4b596f392b33476e474a70466a787872327a327971464e6f6a6c52744531544639524e5552596e524a57617969334a47487770306c6b466c492b6f495a6f736a4e4d7373737634554e66432b614e7a59332b444d6d517a5a4c5050444f78736e496b787375327936484a76684777355757694f526e2b5165395a37687362436d6b65367139314e6535453367652f6a48474c55636c4379456b6d573079366c66544f6d51585867624c4e785a434761694f636a6c7376344c69686f6f6134516c7847596e782b634e6e714d32704f626d787446736f5a4e6b6d66746c6c3832535a58445458435a735757626d3435473575626b4a7446696d3052796d2b784b54692f6373544c463251364e69524b5970574b54497a464d5532593837526a794b517669317730616d7052714a432b50712f554b436e4a795a624b375568746b354d6d79582b697261676d4e61446f2f5844716a55314b4b5062363064366a586136452b5935476e4b536b65424d6a3249692b70457879464956696245785361497954495a4b4d4f52534638364b456a55544973544c347a3574466b6d357a3462465969544a736b50692f6768636554376c4d535930373050625a7049315a72532b736b345761534e596a6a385530644d5852475242693755724a4a33516b55697571457853464b7a484f6a446b55346c38766866434a45517963745935736d7a3843477a777468794a736b7876682f4a454765335a37556859796843536b53684555454b4d53714a597a7446726c384e4770584b494d7873366179776978786f732f452b4b73384557754d4f5278654c4c75576247785a5970466c6d7847496f6c46487170444c484a6c6c6e355a4a6a4f6c772f685a5a5a466b474c5972716252466f6a6a3254784a786a67742b3230716a6461446c51354573673249664f346d7546305261494d5569544d6a69795461654f66474e6b58592b6e64714d6d526d59736e32686c74624778736243345978596a515553533639612b32797a792f7741384b7979544f79687049625133383453464e6b706d4750633871526937546d3136664231696e4a4830794c4a475746786e5135785932686947574a324f4a52714969526f69795647534e6b6f79517531475646304938695a6661614559354f4a46327545523459786335583966557a75522b6545536b496c7a344b482f414b4d622b3251677149396d574d596e7058467250694f344c4c4b4d794f4b634366327871347a3237624c4c34613432464b2b5969497359364a4b786b4f31344537577a51704b51797945694c74596e32754549512b46782b2b7064517a7a75635a6457535a5931592b6c2b4c736c78342b4646664350396f4c2f7a396c754d54504352687979784750316b4a4c3148713749536c4b53794f7363477a4c6a565466664e69646c4456434678466f5169614b4c6f6b78455839663675374f68574a707277526b4b566d4f646f544578634e6d35734b52367a2f7743655a314f2b6f752b50786a4a6c4568635069766851694d62493948705a713875425349774d754177346e634d4b4a2b6e56342f54554b4c53794c597a592b3647575068534c76686365425070446b536e33765a7366735a556454546a516e5a467443615a2b6d4f58635a55304c69504458466d783675582f6c6b2b7a72365236696d667145667379532b74434f6c7846644d6644463577495470767a435a646e526936626f73324b74306a5041794b75554e45537545697570436d4f57796b364a506a79725a35495768534a52707039696b66695a7463634d3753454c344d3250567a7246596c31723158635050342b4a6475753331772b473734766848376a6e31376a4e6b31596e395a503670756f7965317537562f73656962546a6e382f6e434b3750325069444a524e71646d3348366b654752646c69615a524655524630523646305136654b56714a5a66444a445a3632585338786830304e55797958465537476a5563657642512b6e344c4c4c4953345248736a456a45574d65467076456a526f61592f4f626f6b32786934517637486b2f6474584364777a4b684f692b4b457a794931497338436b52374b366a32554a39524d5571452b4c34614a514a776f39624b355959576543374b5031383056337231715554566d744c386b68726845664d5a304a516b657a4953796f55737950637a6b4a2b70312f2f534c483669524c303079536a465a6a38717566446a35624a507261314e3234796347353743386c6c6b694d6a7957644e4c684558323052624f704336457a466b49505955534f4d6f615055795559542b386c306d2b6b5237504d6d7261566b6f6a456676365553585456435978726d4c345532685a5a496a3669522f6b794636695a2f6b3544333868467a76593952495447374c36736b794c47364778506c3832666858436b324b51704d6a6b5a744569785a46776853614e374c495a5845394e6e556950684d6c4939666c326c456b2b6d796865496e3476444b4c346f52564b6237477558796d574b6a6f31496953615655546d6b736b76736d4e693758354f566c2f466f664c49737673666c6e6e6941685245756f6f316146496937497669453948366631634e457a504e4b4f52335077764b472b554c77507776496978396d7049664e2f4378534649557854497a486c524c4a5a624755554a63616d6c6a787370383130545258777668384938436c31475a4754493545526b557047676d496f54534b50552b504d70507238384a654a44386a46342f426c45764e4575695568706a5448662b706355616e74326144516f6d687161464d71784a4573535a72526f4f50576837544e476173304e5455314e536857614d2b776d794f526b5a436d4a32654253646b6a3138757237753533524c684b316463666b6575476557757865624a7532507363585477736c686c4531664e66434a66615242643052516c39355237304b4768493173314e5756522f5a616d76576c4768375a3759384452484536396b78346834615062747878556e6761496e746d72516b6858634749534c6c45637a2b516d516c396f2f326b37625a66554765434c362f774364756c35666a392f355869564c6a396f53372f5a4b7a54756545654d534a5248415a5a73526d4b66555a46304b5832624c34585a44556f61496a6a7979754556326542493767396b565130754c556a55694f435a396f43715845664e6f65537a316b376e4766332f5830574e6c386671646f7366486b2f573747697576314b7a6f59305077347072556c45306f655075574b6871754c464b6a6271326b70466c3030374c45303146693662477572766c3944474d3245366432506f586e7a772b69784d2f44596a556864466d5734724f786446394e694c3745792b317848692b6a2f6e6950517637506f2f426e372b5555726b724e52784a34374a513554464c7178537373737373575132497932452b6d2b377355693079756c7930654459326f324c7453384a6b47576264794975684f786e7156394d2f45663653596e322f4350317273525663656548782b6c6358313534586b7338464645715049344538593158434578434730784867735575396a62692b474b527432784e6f544b54546a7845756a595a5a47513139552b45577a316d306365627a6447436665515345376352486e6969786566772f426966592b46354c4c455866434b6f6365327570524a784a514f3052375048436b624a69644854474a324a696c513257583279797a59556a6169786a5232754c50416d4b525a46384b535035444933484b786b575861732f45524550744d61744c776e796d50766936464b7a384c4757583269304e6c385366456f3253675469654250717a72684d735532697a59326146495572504a66463862472f535a73626c6e37592b79797a596a4b7853483266795750365a686949537669504b6c512f684569786f58444752484c7179792b4578536f5568794c4e75327a396c507479376d5a49556f394e704d6f71696a55613432464c6e636b516d506975684d73544e714c34374a4f314638525a73624838792f7744793951716b2b5953483178466a386638414b355a4638736c782b76766a596b792f732b794e33344c4c46623473746352374a39706b4a486b38433758445131785a66436b4d55692b504b664c4578576d375266466b5979626836624c496a364449657358757939622f415053584d5766695a344a4d54726a3946344649617634534634342f352f493855666f7579795844386247333162347879504a3346715a355350493178354c2b435a3461666331517564542b4b395043632f552b6a777a77532f6949374c2b4d777850617759783534524a6574592f567a5a2f2f7841416645514144414145464151454241414141414141414141414141524551416849674d4542514954482f3267414941514d42415438426f3874384c317a72684d2f704f46776c6d6965596254615168744a7766516b516e5369457842496e52446150534d65466c4c4366426c345151693453376d6a596243636155754e574a7a534634487a575878676b4c514c53764530505362655334584346703945487047546f536f6c5055394e4569456d5951687058745a6354454a376d71516d4a686539346d494c766d483350444c6864614951326d30672b396f687446704832307052736667574e3366532b54542f66695434692b4a702b4a702b413344636279732f2f7841416a455141434167454541674d424151414141414141414141414151495245414d534d44456851424d67555642422f396f41434145434151452f415234544e32614c386e6773586b723756697330686c48525a5969736f6f724478593252386e5133654935536250695a38527352385a734e75574e6d3833466a776b52785274474d764c477979434b4b48706930794f6b324c53516f2f57734e44674f4c4a496545566849694964466c6b6d62686a5a654645534f7845554c6b59394a4d656750525a74724e3433466c6c6a386c4469536756524645554e59696d4c304a65426a7732582b345758682b42717a595267523037466f2f6f6f52394a775448704430325352493779734d6f7643644d6774776c795878754b665a4c522f4277646c4556597647614c7843446b516a7458724c4c4a51736b6e6d7a7373326c476c476c7931794c4d3457535647372f4259764557523639686657634c4848794a4730706a5a48766c6f7248584e527151776d57646b5265677561687169546f2b5173302f4c34325757626d6269786331453432546937386d7738476d7158497969696968637a784f4e6d77675235614b4b4b394b6a5337395775665358384f7a5436467976316f646678492b2b335275487170487a6668766b662f4541437351414145444241414642414d41417745414141414141434541415245514944417841694a41515745534d6c42524d334742413343526f662f61414167424151414750774c2f4146575254614664664f6c3179314f3174516756716852584b36422b58356e5a6b4a6431347274436a576c716270454d683870797644497a5549496f5a54386a757a61327431326970617964765474554f755a53696878492f4952513454586132746f2f4946304c44555633693343356b463552734e6d2f696865567061776c512b6c34744e6a664337746533334c61336b4c556c715278576c48727968513468586d573661576b65466431376c3732573743746f62527443434e6d2b724851424636626f4774466d6c50413950745477593939554b62513641352f4b4f37797432466e573662365162714d384974514b627065686e43454b46654c4264766f6970364c375874345632555054624c664375314368784c334d767438707779335153364e5169707a375270746661397a73766654777034467a634339693161456269793274325332724230787a68476e745573796e7370344e4c32496a396f742f575868503251754e525a7444645a6261696b384b395844767531664b4f523579484675454e71654a524341644f7a304d72303852386f4867644f4a345547754e64327a433151375270394f765051756e36634b5a5870544c776f5a34526a2b4c30306641627770617a79705830364e6b506a644f705837364e315041564469684c49384c726b345650456f52586e4d454c416e5a36437571732f664939475430614f684b6c747148517279715851646f3643467a6638415758326f65376c7a38583654354468314c4a6e5a6b61397168637862786c6d67526f4563426f4b4e6834756f3352303157645175385a68634c696856754c4446596f36616a706b2b5477685149306d464b68307a7a54614e2f6d7962597146446f316c6b412b5949587a6c44773635585a6158343358343358342f2f4146666958735a763670342b50675a51786637766c426561684730554736476f6c4e5836656852756c314c32692b4c416a6732747262726272334f74756938394a4e6764486858307674466b4b466c395661616c51327176574c35543941564346374e6d467265626f5258684263776532614e5534446e335159412f525255745453446f6f554e336e4a3536434d6851527a62733369657961545a2b756b6644356f554b6d79657946536241345563516442305775466e45396a7032374b4d427944424e76453345783749576d6e684373556c654b54556f56334b4730626e2b723375384e547a55315a386b59517037554f374a73384b4b654646357364506d2f6555564e34754f45304e44684e5252386f7246342b416a4836702f6c4a5a436e70657072434e73586e434b6d6836436359784549345046475531682b6b6137567632685a44714b5333524f396b577a6c6a7664357854515a4a62415563544d3364377858394b4d3750574f3978336644346a594d48697a6c345858746f30702f6968536569356c3666517939364a58343050386144552f2f3851414a684141416749434177414441414d42415145424141414141414552495446424546466863594752494b4778776448684d502f6141416742415141425079466569675957526d4d57785555494677326a577a557734614944735938697845494d4d4644422f77414278346d4a344b67777738695238456a5a496d4a694673554246684c2b44676b59516c4334714479454568344473646f6b6a4a5157355067694b384d794b497a48684d6e6644412b41683046304d755038416d534e7962344554554a776d4f48417979784a4a484a41676b5149515867586a672f50444f654e5267664664444645726f536b6447526b6643364568416b613855353449646e4269527568434b454e5678614d7a342b526d2f6961384c41357641327a664169714e44656b44615959592b4a73417a304747795365456842662f6879504d6647754b686878564f454451534747795943615934757879345434676769796e4d6856484f2b67725a476e354a53464d544c4934555379466f75526c797044574d6a593569426a6e4170303379374c4d705052693944765777563267727870436735596f517a4b695a7347797966504167763442722b573341524d6c364e4c494367317850384167386c443848415346486b7150755152416b4a77676979775558424d71536364526f476e676f676b68775654386f786b2b414c6f3275694c4655766d524f6e47425044515a546152586c695347324a697466444b58797831305a476b6b5656516c52464466546f6f503747735450634470736d644d5445304d35433565497772385758424b4972686a5136593264337a58784d3335494568495752467774554a554e42417870337779664a6c782b52425a5938695a437369355a6c6a37794851306262354453307152724e6a3744326a4a6f4c444d7948596f495874646c6b6c74464e73597264695644644852723032515077464e5972456d3548324346684e3079613173634252496752426f676756503442384555617268374979526356673638443430453551365842634b3437734349654f4b3253324e6b726c45527036774a754549334133304d5577336a6f55554a6a4c434a745267616e6f4b5a697173625775794c73374f6f3252466f336d47644f5463646d3176493062534459724a4b6b6f4576706a4d66324f327a3057722b676f61675855496d706c386e577630306d504f654568726a59694243484a5a6765436b47496c38334c52592b617353514e786b546c49677069436f4d345a436651766f5568416b4b70486f345a4e71356b656a61615232736374732b55686d66524438446137476b35636b784a45546875693944466f3257516b7978777075346a56376b71684b495375304e3762394a48614a4751596553353547625a2f5473446c424c7453526a30686764686a416d4b79524d5a774c73695a49736f455068634f4759664e3167526c526c726963634759676b4b6f684b493038636f726c414b6d7870775349554449684e79303949656844646b446c614835516c356651325758497661474c4a554d527454454d61724951547649636c575262494a565568576d68396b506c684d756b4954304a3064484a45526b57745a4a4b6b3276426c524c5979327768503067306a77516768425245746945502b786f5151614947494d4344305067796e6d51594a726d76696f494b4a32515948356c6d696e6f62416c434e72516a6f514d597948476f6c396e30546545686e6f624c6b7843556261694c6f7236477a70354b62566e786f797a2b4543576e2b6b4a596251315a686b79785a4f6a76324e315778396a524339424e4e6e546b59456b656b6f696e6f36512f6f6e624f33304f7a434562706b684e4b664167754a635354664445452f6f6333794e4451386955516643504569544f45684b787273366835364e3172674e6a497836656e7649303562636b515056774669586e51305745736c66534a344e47567151614375677556325473696b696f396d465a706355432f39474d52496d326f4b756951586c514a6b536975547941726247424c5772384658746f6471526f71684437456c6245484a4e73535169636245684c4246466e6f7733425044456452757849676347686f614a4779526933474569537145376c417377634471686a63796b624c556a324345715262776e617a505969684345456e4365795255306434535365524251383947394b6872644272474e70452f474b59676548386c716d6a56756c4b3755436241714a5a45714a6d68467345624e53474f794b5472374a5a6b643651745051356c6c416771445a614e4151374778596468345045666f67706951324836354e6b4d63686b6b5877335177794849326d6a412b597245706f6c615a4930574e53686637484e6d5276374462324d79656b6f636c41324949736b4479534434446b476d61457a3256516e7953314d546a4a43705a4241673168706a545447726568782f77444478666f634a45735557454f7149494b637a386a4445626f77584551745662534661715630784e54546f626f5171423971794d6945717148324f6869766267554f784e6c6b69712b78395378654f5254304c496b52596871423856775179787277544a515168446363434a73534a6c517059684a4f47794675516c434478573053753648685a47364f346c5a4559483747677667556444516f4f776c3451734769574e516d48784a6b68384758516d364c553059783050644453553448536f63663648444d783245614c4c554d6c77786176696147614846776e344d6c61644632324e487a6945433369417468736351354755706d4248676c4d45514e58774e55534d646948466934635477525832504a4f7942775a6432792f6f65415473324f5670576a65796256496133775a506e4b596942457344683648557147396962553049745867696d506b4d7a4b53666844714d676d6f4e32527873514d58774e706961374a6c4e64434651314a33624b677953313946375169515a356a36466c4b682f496962506b485a3245386b2b6f484a43646d4a6f784173685a494952456a2f694d432b754b6f5859624552626a42616b6b2f2f484543724a62614a4a533148464d783459347a79545043454575784b4c536f2f4446425643656b7a4c41532b673046704f594f6c3649762f51376e394449536b6538545851714d50324e5759524933374562506b304e77784e504973376b622b44736c67364c7377796432526851694e704e6f6d4649766b687069594a306b34456d706e6f5973344968614c6f6e4a6d43524c4f79614d684f614a364845705036632f424c6f6d7547684c634647345476513669394472674b4a44396a4c4f2b474459707361766b364c5970516e775a4d6146444d7152566468325762677067525332466c7838426648794550762f414d4730324f444b456a7a4477794c73576d58684c61716738634667515779464443524e4c456a66546a6977656f6a4a427156772b6a334253724544454e5a52445442432f77436976566f667643464d794b4e396f674b7857736f2b4c4b7a4b6f456b6a376b6c79794c686b697a68445332327334476a7253527251546c7935486e6c7362674b5a524d792b6877586b6253795165455155536c79494a54794f5743547353534e73364f33394443324579704e616b57586e327844704775787a4c62364854615856426f316957695a6a62435739684a6443612b7963654353714c364e394d554f6834687450526462365a53456166464661526f52544a664979422f597a5243616c6a5a454c6266676a444f79657832684a6941615669473554746469464a554e55486c777378646a4d51784a76496772484968446a6f6f6d54422b6b30435464434d686444535a6554774a445235596a745a4f3549365a484b59784336304463504958624b65734474376478463878575379785458366d6636414c732f6f464535583946782b687046697554794c7137454e43715258556b566f68634d4b316b6a74534f6d684364434e52524b7968694d455559494d722b78534a71304d6d316c50396d4e3068644f797a526b63696149646a52546670413262516c496e42445373436463592f7777514d3178444c5a74326a59387371496b374d44534e645a477879396c664963737568464e445351344730754570346b6d524d736b6c6f525a6c7956422b7257556f6b2b794f4d4f335a54537375464d2b6957575a434c4b45757349634f6f79435859304e48574f554a746967613669424b536d4447654b7459496f634539324c54412b30535468352f77424754317461493071543449656f6a66664b4a6a462b47554d696459465544676670436438636a49517044554f49496b535a48324d6766595657784d2f6751324347577834445376425442632b4657324d633647752b43376b575151545345454d4f636a77302f736e4d6b686a446c443552424e73654d77486a7a6d474f77734a2f52654f55705a4a4a73516f4d5455756f5447556753563654564d684b42536d4e424275634275582b68533754484c436636544a4f464971626c37326a5953305445376f697a62466e704471734a6a4d714632566f69564f434a6f43586b39466e4139456c6e435841316f2b5757412f49677374476b456871435a394a524347796436486f5a344e6a4637456d574e49596c615a5151316c5a5261616f6f57675a534347756861623046664a7470447a4d4b5a4e624971796e3078556f524139555a69574b423351733154475a655249742f704547416c4b34546f536d79435a51784747474c33684a2f6b78354f44575a4b48592b7979526f5a65744b3634745547726f597642384778356755534559786b6e6642594579554a4d534e344d2b674c68646c704634646a5a394675656d4a536e4a4c386a7a6d424c5937485a6d57574a774a65536a2b52724458427a5249794a67306e324f5467704c44545a466e5152746f67784c6834596e6f2f494946696974744855473367566d424b70526c5a5277734662496b62454d30484b304a53364d6a546832687a777879334c576966594a5762454d4153314458325848396f6a73784f4c5175466b6955365041747867786f6858344a55503646444b4876683549486879506f4c32714a4e736330524a5465434e566b617965594573746c59724a696845437458686d6659706d68376e3649616165554d5472776c746a7853364a6c554c63534a4a4243676d4a417276496c697244345178736a566a72436152457a6878492f5246334e72344e7a666750436753773049742f77795630544d426c546145755a77554e36486d555474684e47616568746d4a43477247334230544631384637574a6c6a502b696e70394d663548552f47504b702b464532513662354c35646f6773773838426859735242694f506f6d524f754e56734e676c5a315448454f7948424a46735a617361716c73736633676b2b5277586f3851355369475457777963754d4d6b484467664d4e4b424a4a79456978466c4b51314f51357055616148516f2f474d636b506f776a616b697464613847486b49564f574a4763344c686a495733496c634e4351354d673834452b6c427471316f61784f54424f53686f7964524a774a7a2b45486b6963766f622b79505a32592b523078793339476157686f4f4650676d57543451684c2f414b6b3371476965325550566b72776e516e67564353524457574368484d6d38446875343746436578536c2f32526b38644632362b784b70304f37663059575238422f734f536b64615663475567326e69562f77445259334c5273752f43684e76374f2b6659367a4462465132304931364c392f73522f3378535266475374416a687363687a4e73556b4f687468466f6a786b6c6e305256636247613839695a6d587852436a684b557953516c5a5a534e6a4d676d6c536670503841786a444d7048796b30526d596d5a6a657846724452396e706b7056424e6c706b7370494571495368535550624b42437539444e514a36676971506f444b48434d4337477641736b677445423946456c6c416969494d6871554456554b3070575347614b344338436c45324a4a364e6b7a414d4a374576384136476b4330666f4c43377652722f51453768464d495a44675a3942744570455762782f364c774a434161576871424934544b437553516c556f624a5145355570324a4936457a47424c414a563977736d51313942314a4d6e736d584f424a3773693776524a4a4e534b34494e34454b5a646954526978436b585251537832784d676d5468306d50456c5477556f50586b54634e356b6553524f574b6b6d4a634d51574a4a5041314b6344456a4a6f54684f4338534d574c6c324a42494a47437650777a6b754f7852342b53774f787557424e6c34316f6e455749524775447445456357534b6f3452526b52303746693843524a6b4d38716932394a6130786e6c716b58306a735236686b7950394f686a734c4179496d69454e4649324c4632494574327452692b42346a4a505467546d6b7973396e66704e6c714253705768316a496c656969547337486d614666304b74614c336f63564b7756616449596d3347696947736a6c4445385946486c594e69525768516c6a3065424932325848576a304d536f636b4737516c624638694f687179694830515344554d736c636c67775969686a45396f614768695649536843327a4b733144384b5a583462583448544a2f6f78646835384861425255634641304f3949646a4a6e5778714949644d61464c356b62553459366c466a647163454b5844686d78552f6b69684e46344570344c745971636973444b6e516c673775494549592b4a597053566954754779464867566f4c6961676d56454a4f714c4431644d654c57524a6d7a6f7a3049562f59774d624c436a563745714c636a64344c6871714277576954736d4a48736272496e6a4b4a74773167514c4946584a6d794b4f796661524d6941706c42554555716b524a474b73693276364a526f61453877785a63364c4430676d794535535932676c4b544a676d4e5173536b78454b4a3946496c6b684c5348674d426e59736c6a6a6d4751784a386b7049374675574a4e424c765a614d5533524131424c45544f714f2b434d7841682f526c732b6c4443486b5471516e31654454663841344e70324c425a4d7374594c6a6c656b5353676b323078524c55795247723144384874754d4972305636665133676969536d5532494d6a61465778424e6d76394d683155345969594435785979755a5436454f7a45616853563944573170434d6830756f66634470732f51774872674c5964774769746b5a50774c6f506f4e784473704c62506745523153665a476d534b665968535a43797354497042344c4d44305054384c63535158787150496967386b5552737154544b50596b626c43686b6d635a496f3579537068537959364a35473144396f6d74514a4a6649314f43456e354771707551306e2f79622b61484b776f61455272424d6f755a79695969585954484c575234434e536b372b4357724867354970423271654246302b784c51556854546f4a7449375a4c474f61455364344b7137464555324861656a6e635a4b594d4a473654374f3376454a377955774d6e57686f616b31304b302b786c6a35494647316b4d437662464c344b566f6a4e4572425a4570566a2f414b69556c365361384d6d77346a6d6754676e4a5345726152426446655a453437435a384e6f386e536d514f475a4f41305543484a4d55415649734e5a52514e706b64704a74574e6d454c412b5645566b4a39423452624463734a30654e435346693167513845536e6735537a66516f756c44496a4e43764442394f44666f47547a73737676477a7a726f6533664669544d6949596b66665266354a714f7547306d48555052315a6379396d706c5a6c4375786a5a6761445552516c7076424e75524138524270483042624f42716d42553750534565373256686c61475861495078696c7579614c67753474495834496c4a6d4961704d512b4255646a3146676e706a573072736f375132362f6f6876596d4b5271646f675855513068452f49716f634936435471686a5550533143643545716e434773546c766f6c426249453259727779496f2f474e425355687852544e70695a6b3050734b684b596d3242716b4b5548644963423467554c6a776246783457536345327861564254554c4c5a524d5a6b5533706d6b566f59346f65474d30793061786e4d706e67454a7648593338686f794f4477552f344a58425454464277574e686c512b6774665a344151363253456a313844724936654754676864687263436f4e2b685469584d64687167595048794f6f526865423745354832417334477865696362364b714d424e7251307249564f7a4350536d566f595747716f554d7051754b562f6f627353454e72444b427371364863794a55435469454c54394664415a4e72593973673975457149336736423447515338396a364d543349314f3746735151727336484445614945464d4d63684c544a522b4659504173634a4c5a65486c69486a493262786d734f5342474c4c47304a50676c2f38454c4c70546839435276706d6e2b684f4d6651356c49645547574f52436c4d706b69634c524b624761615532456443564d6a4b49616f734e6a536b35497042796b54394551717747717354726d55495163425a464b65687245376176416f574934344f6b62314f52736b5351326f6b724a457642556f7a775a452f6f6154703847456b70724842625a514f684849556849646f586e517346494a705061513479796a3054526b4a38724d4d4470584268734d506b6856735437774f44566b44307439457948714536566d59685a775a5169636a4f35304c435a4551304d2f6f593052474d6b53704f68724a4a30386b6973714f67314932782b6871676b6b774738325a31396a784a6e475378646f72444d325171684f343746386a5a6169636a367867497171462b6761686c71316a74446f5435445169314b66304e5267554271596e312b4376354668646a51776d6c466e344e554f586f696d4e694e6c31364d6b547067516955354a6c464c513652476e524e324930344661476557796d726935374d43634f526a794e4b68793743576b68595a6469637744324e2b6b577975443942326a634d7061456d5271705832596b7673716b747230544a305457714b67624a47786b6269466e432f53524d7a43473073456e59354e67336c724a626542415567706a53573366596e6b30546f73637a6754546d507869336a6974432b34704c4d4d6271482b6d72415a5452336a6a44304e326e69795579684e6f54466e6a48513141664f6d6d3850394463435a366c694a4a6677663841715342304d59616c497972554a434434634a53484a775a714e6d465069546147784f5331695947667042627841323845336646427343314a73546c6961495757706444634e74436262766836325467697a684b43554a4a6a6344523445312b6a6447536548576878725a4e734e6d304a564b4773615761497871474a5145776e51324a774d58775334436f31756d53424a524854477578583056764a4b71656e416e31454c595259534f4368554c6152686b2f2f3267414d417745414167414441414141454f646b7a3436303666456a3350474549396e444e7943484b355769624d30454647584c674a5a5479434c4576516341336357416c7076775a6a43394f67484f3956464f333259582f624e55704e64483057464b6e765453314b513670637a624959707a6272336b444a5370543252313147504973586f664e52475444697874417373736744445042634164564676306733642f62377152525757417575714c686165514844443631552b6a66686e3552713974516d34547358685a4d4f474b454f7932503952466b4e4d6b4e652b45624d75534a483376416f32696e46735474636d54524c5259386d4e4578344c72332f64713670337072522b73774976686e6f78676271616239376b307545546d4e573868726931332f666247345147634431774964637748435235646546522f514f6f2b427362796d354a4a374a6c717657654f44776a724b55376f485932665839766838545355334d5432536d71696b6d4c47574c72385038724e386330793963532f3541364735636d77466f6931324d676c4835634e4d51617750722f797a794153323156526450674c39372b484e75726567716d5131776151355665595174325a6e57574b78544d6368706d334978337a4461792b766e442b522f3254783872596a454844303937705a30476b686e416e527161706f59375a544b6b735563735279573664416e53464d58574c6e4e677a344a6a6c306e72527939553162537470696748724b44687766794c66545539787367416e79435a2f684356532b78476278674242646d746c4c4271437a493475563939796763726b31384c4b615856446b2f384143495a796232596949364243793743364c6e636474564f7068417739744432356e415631476e585650644870614d6c523130362f666330504d644f3055696d7531375861755462734d73592f6e497970726a6f34496b7956733655632f42416158316574574e644e7577343579546a73546a44596d4c5749456a332f7841416845514144414149444151454241414d41414141414141414141524551495341774d5546525955425163662f61414167424177454250784242696961777174694e656d7a4e47686c7768624769445745473865346b5a5949624a52554b424b3647682f6a476a3368423777517070672b443266774c39696e4b3059793079354e6c4571524d53676c735377626d684a3665465a536a466f5545485a6f4e566c4d6179534a6543574a2b437633486f30592f794d516a455a42494a493055466b6230505973654c516b51564351314e324a37503049756c36344a5937484170304a704647304e7a424256365559677731454c302b69324d513539533475466947677870656a4873306d5062754362587034714d566e777161305151613943666f6c32544b524951513844486d6872384769595436566c685462516b6843776c4369664f38615047387365476a395078456e705871497852446568306a457a2f70356b4c53596e4a596559516843437863504c50614e38786f4d617564496d54784334764f6c467a754773504363474d787333474a442b6c686f2f426243313173654a4d50696c683457566b592b6e384b472b31536e68524b6f616e513866654377754d7731665769496842426343584338554e435645324d6b38494b3776434a6943354545562f6544526374364c6932796d79734354534a695a584b73546959546d67613476586f596845556836574832556f6f625a53453756696a587251684d334434746e76476a344e61494a457839617a4f7864454748337675393477696636552b4634722f4653583051476854306c682f2f454142385241414d414177414441514542414141414141414141414142455241684d534242555746784d502f6141416742416745425078425239483256766f68445364472f6a46586f66304c674c36456e554d2b443944526f55505a7332476a3848424e65786b734853477739394433685a5855506d7852505a6f3944727545614e7534554738527430554c4e6975735a74786955304a4e4444516d645970365249626f312b6c6f6b3655625a4966776269735737486543477857392b6961676a335462672b70777644694f424b5a755551394e6939426a597a344d684c6f704c534a4244626f3165476f7543576a58554964474d3163456275445168486136496c336f79624b472b69434c336773516763693279354a4561442b6d56577845734e74356b776c3850366677574576546b4432366d6651586f4a744f4d625174692b7a5a694d6966306848316a6461784e6d324e36617444594b7251347858435954655057566f30795248526966724453344e774f6d3973534d6c3343672f594a72724576437878496a6f6876364d466932396e304742453245754369356a75487754494e586f6b552f6f787046516d57445a73436e4241616147304a496265792f59303239457559533152747336673974496a6a6d69516d5873687362596e68577a596e364c683459694935775730456f4c5367335162324a765132337242514e314453435a4965684538556138646c5a5330344d574f426b4e4e456c516c706955516e566f54706a6146476772344a7442364f6b7a4d735746706c4e6b48694357495161317357734a52363451555761735536464e666f6b316930307975684a6734683467387a4346335a78614536714a345a4e43524d4a3053796877665358516c537a64425571735357344c6f4a71614b5659655a664270656a67713747765139684d684d30534c7645474a456e4270305133554b74695631462f524f685664594967384d6558684e49364f73626e69655077676c6959663072453730617652626f55314c2b43526346644d4966615564456d6830707a434367626a516264474e65697a5343316c50775134645057366159574a554c6f7a592b435242503661593944466c426f4e426f494a4551534a2f676943587730484873516c57437073524a4853464873686f666b773861676d46353346776e4f44724e6a56494c5a576873624668505a4c683067764a4b6b782f4459655669556837496348335130506249495330496c46536f6f2b4368307250516b3832467a634954785249694e446677686f62564b564c6f6d5659653534627842476e6d4568536c702b4d4a2b584d367a536a487243555a3377457a754634746c7873684d6345373430574c6c37474a3061782f436a785a57476f68504768724447516877735057566d484d6f596843416c53724e4a4333786a2f2f7841416d45414541417745424151454241414d414177414441514142414245684d554652595847426b61477877644551346644782f396f41434145424141452f454c4172586b626d2f6b5a583054497230714345682f5953763257516c564b445a32523745333867433838695468714b374866667949566e7944363347693762686d4756656b644f54484f455273573169673546714e777a7935384c6a6254494b2b79346e6b533069677558504959794478634a6d445543623747764764444471562f3234395765787062634e367972565a4f70706330374633646c785446303763714f73716f674263694f586b5a4b2f497966724c61667364466b787a4357424c386c436b66496a2f67677572442b52437a3967717837665a63454a4e6f51613233374b2b4279676734702f6a79416e2f7844567638417561576f366c46375546555a6169694a7244744859685264386c49347749652f526a335868433744626a5a6d764a553573734a357949774944527a794f6e385136582f4d5672377350326c7a4c446673533048396c304b32366d504343466741696635677a4844595a555a464e66346d437037446e386c53396a70306948354551324b316241465873666c334c6957652f77443475585a726e492f477858462f5971736737354c6972705a516d7774376b2b302f78456159716777382b79776234632f593062706a2f77435552484e71624c4d2f4970352f495742733163356b446274584b522f6b686c5a6b794e43392f4a6b4435647346504d592b4c32734343336956454a544531755736594f62503742724b324855537870647a417638416d43366f6c374b4b6155526c397135346b362f6b52754370326f623750626c6932495336374341716b2f3746755073454a6d73736966587342477a5a75794174566c54493047796b572f41676c54394f78437646573345416e334161536b412b61564e6c6846466f2f7743346f444272554838694c6b644d5972374f4932316b39716970565230677676536f4d6250595073474b314c44776e4d554d596c4445764678482b655236356c3142586e6b7642663841784b6c6b32656d6f5650786a56352f496d36397566353031494646304a42745758374c70397a78674633776c44345848574e6551764b59316e7944667451486e595770723255377a474a517843393242517156376b5671624b6e7a47345253757762623635556477726c61783951714a33354c74583579413633702f754b6a7750324b572b7477687364772b51546879624750702f4976775673506164744c48477976735431553358704d77682b42475a5334504543677278366c687a5330357941396a4779696e386d3647424367326a794d77584b507342763841715a5a7032394f53735644326f2b68524d6249477357504a6a79663471596a66374361612f4945764a2f336e5a6a50346f71413464534a4d5432434c357a6b717756746b45443332556e526372454b51374b4475667955526d353262725649784b594254303851562b6f506f776a4b6155655168563355745535554f546f714e57506b736465517962504835457977715942316861474446746d34424576334f314b41356341477339386c675a65516f75345746466857625258535946646c584779675737436a38574b6d72354b446644374e73663359576247554e775836546d52634646784d587234564351697242756a33522b44416258394668536f614c396d4174586a47334436684c72563362425951543774787930414662354c45416562724c306c6173547379792f774174594a577465565555674c5a34714e395644714756462f7164443667374575624d6c48426a44707a79474f6469555763674b717476324932757a2f5a4c2f4f5271594255394b6577312f543263676c6a5a324477646e4975314b69647375666746424e392f5951716b745a3755706274755770555669556242584c47565572764a7062704f322f3841736462485879346b5733767247333259655162737072434a3867395162436652464f6c646c6470745a66585a2b79785561694a447832303546316b4662324e4f6264674b364b2f5a536634495349612b772b416e4132616b774b65786d517641322f38415932566a694256793678767349306d66536174463867494150474b41624451664a5430762f4d5442726e366c30634c704b4a6b743738692f356f743679386c5874747242716a7356596f493061626c735666384136636837704134526c6b54757a78482f41445a2b4d355662443170626f79685955495852544d44376374304e51556250455430552f7744346d362b45653439646864553967564c52324b7166324a712f6168314f6e5a6a67317a5974495656796c4139697457322f6b4c443259313545436a55564a667352756b3747743258713776352b5333496f497356564e51514a577a626e595a583541617a39754176654d4174617632567476506b34566e59724739694b2f4a2f5159594a634942302b6b4b724859415642624c5a5a6e6e615a6f47665734784d6c2f5a3143373145693666466743304474584735722f6c4233704264304941722f414b454d327a384656464549384e772f546672426f6e30514c72324745562f304e537174522f374c4f623952484b5758776d725965424643675a386a584b4539334932725839494278454c306638776c4b4a4b452b324d326c6577534257665565432f4961394342383532576e38386c6a6a7043692f724c454178586c5a582f414c68546274766b7a64622b783656736f724e764a685a2f49744271344d4e64593761354858563057537933735375544f2f79555a4638577749767961694445336f2f6b434d387947462b6e496268517547786c747a3039686879344b4b7a37437a75796e2f71587556557155616e785374734731366c56755032417361534d756b654e6a74786f467039684148746659395062386d47726f302f30557974425439676a51784f5941666b356639554b333039416a4b6f503845564246507955566e6f57466b5849615344357363426a6a555a66727758795a7a33787543716766416c326c73374454782b5148452b765a744366694c674b733936532b326f465755656a46434c626b712f55476f486451537a7a3967424c462b514546752b686c52594c50335966657633324357615456384937582b51667245556c51505337596243326b4b724a51514b6a6e47426a793565502b706c54354d78576873616e39692b4a2b466e6b583071694b2b65564c4b4f6c5a41355a58766b444446437455522f6f48495044374346703438682b334f5375396d696439685561694c7943654c6d6e4c2f736542554363614f4d467679335974356a69773232562f747753436a424170666b4753484f516a442f7a51773266356c76412b6e32422f533573754e5039754757716671696c442b723242617677504a514838526c2b554d59434f48626c4f50504a38456d78442f55766a2f306a4158342f73566a656678464c58342b4d44302f424875635a2b7864575049427030646a6f73656e7451526a6a7a32475542373468774c72394f544b614430685759483677596a6639523056692f733236617637466c6466497a766c54592f6d79796c662b4956537175396974365a56756d655661665968454f7168492f4c75706875355574484b6c58537a35456f32565464514e58317369565076493334336c54796b6f6671412f466a4c4e62354853565a41312b76497161655377582b334875324b4b70745a3361386c506c6533433241682f4b6d686365536e593269726c4a564871595451634444374664413849534f4c785a6f447835354d337331593641564457436d327a66694370516e39715070486b7643676668424258506c7a4e6972387558595562566778326c587959536b4f6c675a337373742f3446687461723547675079346f556a386468703248734b302f46494671637138784e66324264503841374c4138576a3068594e45716754635a31465859784b396a424c597366336b654851394873545038786a334650385a6a514b325279774b3555774b72505a5732564c546e6c31426f45324269484967477a4f79794f3871573358735666487554794a6c464751475a69336b337679396a325679416d304c3164314569564674727073612f6d796c7275495563714e692b56454f4a333542643742627274783142714641442b3147455035424e433553597368704e78737456354134566e496170706666593673563155434b5950456c4e59764347504c5a5351495056685a576c6751574c3751754379526341454c4141395567473958347452494931634b69584944572f436e4931725a3854795750462b4a4b6b4b44683745624f68746a476d684e51585436782b6b344679356263574f44366367724c667a79426277346b4958694f553755754868484f52524e486c2b5448593833386949722b6f61636e487145313846796c5a53655161517a31466f494856736c4531487a504a636f44664a5574536a396c30702f676864355a47364d727632556265552f37686a4a6448715a592f736268332b78625635554b4472464a753875665a633046396755765639694b336b43756a794e4f4f776e7376627134426f6f6f49445964687132425451554d6f722f7a4b494e41757743796b4a79762f414d7843442f434e424a7258324b674133354c5a66445939626439574b724e466552797973464c6e6b593458794b6238382b546457672b77537065797231502b69446766706554492f774159714b433166354e7651467867452b7a48725176325570582f41424b31565062616e34684c6244725448335a70552f6943684238485962456b532b3046304c50794f2f36444167632f53563961665a766d666871424272556c4445736d467565426741497a503746454f6c4e51717176563750322f4239676f5666516c6f4e69385a555661707856482b796a70583544416444336c7a79426a71682b687234774a576637694c30626c454f2f58796f7136512f73464530713563595657564246532b646a64466c57513941714c4c4a6e32614670567a774f4476354b6b7235475651616468527473496c634835433458353935446e772f7330664c50594d436c2f32504d466e677a57576262694a4e31487530436252726c33684776742f7742524755503059724c73505972675530626c714e4a306a614c6d363172396c2b4171564642724867552f576145726d50423546557474694371584c585954374e5258384743622f77437333564468636f6f654e38754b465376626c61503172736d64582f4c4256725035416261423068505158615a644a2b6d5552424c712b354b7a425874644a53484336576f534858614f78414f702f755a55712b505341674f656f66745242527a656b536c724e66786a4d656c4e6577482f4147544b6d6e6f7855485438677268796f77337a2f495357792f7941574e5663764156506b70416a6c64714f4f7330767156456156367a4e72627377586f34774c6b2b78364b494a61796c522b65536849377957572f6673554d37584a324c795a455165736c74712f774278455a3562666b62644c2f6a4c43586b52355a5873656d76392b7a50365a42332b525548376341736876724c734d2b75314b4b317673313358776d717239337352566d6552705844396c6c6655596f705974742f59496b575249654550585678445a747846384d317467484235466f573138696b565952466f58396e5a5957624369787545435a4f6134796151646b6f6e6b543466346c4461704c48706753755a68672f59696634307654313245556f6a575034335243454148704c47596443506b44326f344734597757462f2b4a6e7458665944396671476c342b776d6848786c5663442f4d4173457249424b4c507961654b416c6766734c5038414b494154527259536f2b42635a5a4e76426755556f38695555443246582b5a6f2f474457646871517864494c46644343336f3541427970346f4d4971344458354530587a4a556f652f774436685544736f7352736831335a2f7743495a31794933522f794a6771764669484461524451466459325334336b595666536f6f5558624d6c394b666845465a4732326b54654d556e714f2f6b414878697251425574524165793873794f36633634787862445737583477696c336c646742537a76346a506c4d6f6258396e33536449733045306750396a416c4b45737159397234542f6b436755584c374c695373737541725248386850702f5347426630746963536e494c61785470424172506b584f485979583037585345516f666173674f4454585562626b65596c705376744d4f38536673354a5439714a315a66324a595176456c395672376364534869587858727679425674796d4d4247763739684650324a666e534b64445a794d7a3538686f65554f5252447a494768443869314c4147443747676f542b514f315a4f512f37674b5473742f45463876796f354365454c58453363517137707768576c78727a354c366966694562682f65774f43503261714b6635693064686f342b514868456a6246685149744e73567a5a32563746415a6459575375576e4b507953674c66384a4457732f5349735a2f45574a624155743575706b66353954435156374d5179646173714b2b7047733646654743575037753551326e3553676c7851514371364d6756714a774b6e376a34537056486b4d707530624646525130674f6b4e4c4e50556755432f4b597339394c37413572704b45514a2b646e4349565a5045597770563938676863485650384153457a30632b53344333383747594e6e396d515138454b477175355157345367722b5838694b77475258776741483541663550336b79383273673476496f42346c6a39564c51323546686665354c564866464f66324b6c74667a7a3541616c4c6a3545427056727632565052362b77335331304a5156556d48354345717239596c566c73634e7767413337434b4857563232565a6b446f6c3456506e7a2b5236496e31676a51566b767751655377774171413742663549794634494b315939497673784d50396f32327a355a4c51682f4454446a5a663241746f707955656a41547276482f755737543656314d616e34446b496461665942744472426d7971694b3868324669436b2f55567a54695369724238386e30362f6b4e2f6d574a6e3467445254742b7a415730553853772f544d684d546246723242476d31386a557539433447734b44332f774151466a442f41436d7049573146616c6e6e786749562f6f7753704c394965445962756b6f545276496936783231696d6765372f6957745845466659592f316358677970626735794b455355484b5935562b4666317156654e527a6a58644a5963674e663247785841495236475a436f764c4a566f6676794b59456e58794944594876374b45734877396d36464c4d6d39517061573552484d5264786632582b67522f553056642f594b7457344b36594278715668366c594d62323432616c4c706e71476737536c71694d457764544a54646c70315835415838487151434f375472386c6746664e4d5661506c4c4153386d6d785a6d4a3249482f714e5648546c582f694d6a6456494577774b62435564537276554773574573687039696a4258365445716e7949706f762b6b4a7248374c4f4f3867594c5365336b744b7630486b5572643531417a5a653249576b586555774f5a3650474b4d6f652f2b30734e6e497679436e5936765a2b65476e2f734d324148543548516a79696e582b624a54437656763975576961534a6f703243522b654d3231324c4f5848574b675263305775786963465a452b61427a2b7939774d414377683261446863646e6a5a6879654248563242654143345a634862686f64482f57625641446c7a55566346436e63365948396a6e5666574c4733784c5147763841454234354b4734487876354248556c743073476f515a4b6a5571576f75352f5956457431754a756b2b514e7650414b594a6538584b3745662f59473639576636447a446647764f304c432b4e3145743043736666784b7678306b42476870794c2b4a6c34742f334b42654a776f7037396a3444776b704e693034465539727941497166754d6f424c2f597669666b4b73702b51536d34676b5071465267532f616c6f6c513857366a776a4c736931643370475930785053566b65692b496a625a646c5371747931664742554e477867616661354c7530664744526f7557796f4e67553759774e4655334b6a497a435643642f594e4c356b7257743745782f457551463055777570382f774463304238432f77436f7550316c304645634f735156567233794b4636686c5173734c486e7869413243565577425947554a343847414e585736686c42616a4461355576326675766b586137673275687548595a5359786a2f2f414363513257704552354c5070426a6d5247574d4e393247414c57506972315a6645763179433779645059446f633638716351446c396c2b4e4f624745472f53316b447762302b6b513277455239674351504546665571554a67486b4563625062462f493330483968777264636a39477070746671624c6f664b67566a59424a36644a39774c796d4975477a393545692f474c4448533239584c67625348304d6849565a696c37365841382f784772353348734d41427a3949303050694d5a5a6963783978414b63394a545748304d6f5655662b545651622f77435258644e6d4751536c4370304a70384b6941583579416637316e5276324179642f7a4b414e572f384164695366775038414e51566f4e646c36755a474a7457662b7a3655495264744245567967424c4f384974586a2f77417a613053726a70757158795744302b7a706249715151674362346d7245323530426639674169316d744357437244354c2b763545316c334253363374783668365854512f49746f506f635244444d3067446235737437446a36526172503452327150316c6f6c383379447857446a43464c4a4130316e663652424336574854666e736f68352b526266593931785454635432487869537547416e6e6d4e4b62675a44517741537a37444746312f306c5433476a35466968543143753050454e696f4676744b6c305a4e5432445676756a4e6932323650396a626c554c3979634175694f50394a51465636506a4e786338654d63466e452f38416b71763959394931374474667341544b5038796f427a763543365832554b7551362f4b32615562757638522b4850325655486b41302b685a2f754f646653346456665979775847426f4c3763647462466b4c6b4d4a4c776d4f3346527a546267332f616c7256474639414f5155634332494e3849783133596c73664a514e646c696c617a5a7638416b7247314d32425231674a4f73554c76486b467a3255437868716c78363563744c704b6a39317676734569685a706371466669705761486d7167736f544152574d5144776e6f4278776c5165673165785743314d55634a53716c784757612b4554704d55427759704552313449696e536f576c6c313744456449416b45456c634f314b393866666b553266466659446c3945372f41456c7972446c7653474c792f623338676f434830396c6766384443315a5861674e6c4435374c6d6e504a6b4831656b30444c382b4d4c73326376374e763058554c74324f33354e67616174396c724750705073652f376a496e7a7042473158325730765a59346635686c6936442f63575a386a4850754e7977564c31386a5a364f334e414e616758546866387a744e4e424c476c6c686e5a62566f474c664c6b2b774756614650374f683172474b7655734b30702f704757597a3444434e6c6e6449696e41396d4f38662b4957686369742f697157626f71746d4b4275643542466f4f526c48386f6c69727a486b3067533645422b77522b327866596f31625564416a546f526c556236584c367651632f38414d62494e384b2f3979346f715858422b7a64304d4176354654482f734175587a354b47646b422f5a584557436a374b3448763841324b76525952436854576b4c44734f6b567236666b59534c6e53396d69626630672f5a41496d7668794d6d715a663543466f4e4d5358564e7078755844702f735141422b6b4b5a542b737346566653415166516a644a61782f506b736e774a46514b6e5638595a455578505a704b36704963583257422f2b67796b756e757a65675a536e2b663841324776713556616d78794736553562396e3971777146673341514454634b496132766b743946746c5a584374524c706132775541385679564b7361714b764c424a4b75357461545464486b41434639584b7034354b48343851514e6338684b445350786b6c7a52702b7876796a323573682b664a53336f63693351757872747034787a5750396745414479576964503952545661594c644464516f6c4270663746583937585a6d4a5752546577746b2f737868545978544557726777506a42536a7942457262382b78584a794a57414a544b6772483452625239527741744d6c574c4871512b42664268304e683153386f2b3251576b6f2b796857486f6b756a6f2f334649732b6c446931543745784976372f7846586833796833775632614e7a763841364741707a3955464c4872547356743473594567734f506a426a4a594946313574524470734446374c5144726b5837414a542f2b58474c79347a4d56586371324c714f75667344726b746f3544774a72712b5461327053766b534d56752f7942776e3334537a56455456317750324b41757772346c366f30746d5254702b6f3943665679785175356546545873454b47656b46744955474e3867692f3241434f774d646e323561326e774a6d69726a4331442b4d38686a2f41484c4155506a7955776f4b584c53717a433746697733725359486d4576482b6b716857322b322f7375494f7777415673304f33462b6f385a516a5830674f4671614e676d5377646c61444c69764d564c4a577a6137784951616f464e5158577a4d37456a6a382b516156706e3869344c67694b596b737649494237446146766a45464839527169665a2b7741657a2b52786739755763344655416e666f536a416e6a4351394e62642f6b2b77562f52454e4430486b4a4c7432482f414d686f3677316c6c4163385a56446867427375384d4d4367507a37432f534b77486b77613737416254684c796a554239412f3668766c4b652b77553556746864672f722f77425175774574556e53312f774148354f47566249427142522f6b77464155617373494d6467445448626b34724f455a4e6e36694a43375059347577495347352f3069316f2f59682f49574d6475444b444859544376786c4466356d41663942387751732b434446775a7043364750695a414278384c494c725733777358325571366f75332f53316d63313336684161514c565a4c42435043414330497a616c5242656c546f52782b516a7858467a65617a2f41436d305247676e52596e54704654592f50495373303658354658356d41385959473077693237396c4c426971667955374233526930385968754278382f6b51455030656958794c30566362712b2b456a4e442b71356577336f4f4d594b6973482f314263624c2b444770567a643677587138444d5a5475506c63674954306c6c6531594870437a5752485a6e6b41473370584948794f4d697146686f2b77555446684c7a514b334a6572615233324c34523246566776416554506633654d6f4c483738686a6f70794a59565874524e4841772b73592b3132782f776879554959463550676334536c57454e7852415249365762756b674c4a6f3477466235394a5870705041776768435931663667794648396a316c66374139662f4144426d6637457655422f7370464166314c51462b6c4c53777136597441417237424c322f77426d7461526873794b70784e6969672f55594c5a41565433562f494875376c42746d7575506e324c4239655262424758492b4a73567948516947416e70505770656a354b4d3537484373596952615039786c6976737156432f534956305771636c57696b347844442f5053774834754a302f7a4c67762b555656412f7135577176685a5a44526e7946524f6f7448373255396c527079414346666b707537564d4b3843346d57773732662f42445551573054513456433373452b6b537036443849724b5758642f5a6b587062562b454f3652706a4130794345676b383543476a61396941545049526d5a5148736f6f59722f414a5a754d714c6a5950684c68322b735656794b68505a587842567235447373354c71445579462f7a4b456c2b5378565a4469686a2f794852425a394948362b7858326a4552705771446b4551443549697a74792b4269694b684347374b594679672b315038684437436f41564651586b4b47385a7a4b624e715a4b5a396d4c334b6c49306b3637374277636a4e2b515675442f41455a7a35656679476f6c476e3246364b554336494c5a444135394c674e4542674d5a585572376a6a2f494649744e6669654f5063594b6d6f62667958765136477043734c6669773165314768326467574c51323732506969437173663541663932655331676f32332f6b612b4e4f515661697156625949335a71365a417041725a2b52575052567856504b4a5a3069356134505575796e5056696246315577574e4c554c56723263467a3334516e46755854367935726f6c77446356763244494e5a554b323677615630782f67526e726359646c34714d72756143396c44715839684736577a2f41506269777971584b53382f47556a7731464f5852396c30575a453047447134644a452f5a643079414776386c4f2f676c477270394a57575645485566324c586371463143366741394667414b69716c7578624e3652503852566c626c79364e3038693032416c486e49464b302b7747644b32565454513653313645494147755150424f3837455851664871453268457052325a4d564f2b5a547a546d346a7252726d3477545173756a354b41324979736f506b6f4137572f6b617054675073314b472f376e6a61582f55495375794f6f4d306955616d4239696c6551584e5477675032485758486b5930674f644c622f59746f386f4a6e5066714c4731766c7742626763443259566c55722b77645674324b3669376f497a434b2f4a546c617263755061752b31434d6a6259326c7551423241384d674c4b6a597a39474c334435484143364973614b72763256412f35686374377976735164524f2b7a63562f636c31386553674278686859683652465258704a39324e706c4e4a753734694149666868466d4c386c676f63756f5869503841454b596e4d6d4376354c634a66793464656a2f35677568686d565542477472736344746c2b324b2b6b63487035633473384c4257436839496c706839595232617a496d72512f594145766b4543483668425265566153744f722f794246533272795643377a3853616f2f3158557374446c5252397a6c544962685950596f412f70386a7474516f494348464171486f394d514c574b595549366e38597053376f7a554e6e4e2b7758756277693256347649515936636c796634536c705131474e4c5662426c47654f762f7957437670664a5933702f6d4f62582b4b6c513576794a33302f59556f5250474334554c4b694f45452b4d51704761674c675344394e6349524c727a3868564c692f6b63324a36577057665262464230377359744b4e4d4e5641666a433474596d777373702f366d33415a6f68672f774277617346782b524456574338594a3968323252556f554330546a46506b705248454a6f796d6c3843527774615053617642642b73616a4454304741484a58766b5131472b31324d553276654a5a6b4c41656f765157656a2f7a484675505049527256723071634d32364e4e2f6b762b546a7935334133744d4554503477713774586453334e71352b7833443850496e2f61466b497a5a3644702b6b764972384879505a5a39316f396c716932714743686f46684b537564663243365865524b7279322f6b47385845476846722f414d774679674a554e43654e6b4530744d4e4c2b71504957786f37624b57382b763250637830783030764d2f43624658314437477967374c677539747577307178722b77535059434541756655486b416e354b59516b4e397549356b486a313349496c41694370723261544b5473753732437535756c314437696c4a4b3666366d394d6c416a4f6f2b63764d686668565174586a43534b727946695677465037396c57384f6b73524f3741564c67374e587334797451546f6c71795a6c54342b39667955414c4f785a714e3471586f356558314b7456656c52715477794f5572332f475967344b646c6d39745267716e6276374b5346547a37426455436e6252547a52796f4e692f7454517a58692b5264473139326255753450496f507762504a625548315a554241424f4a3743554e77384f51634b4d66594153697639786a6f384963686161744e6a516158396c557577334b6c374172664a566c62396a6f4b4832476d517076396a644f4131456f6d6a374c4e596f386e717273503852796d496c4670575277585265386d6f4e422b454c497331623743774c5231776759316a655270554c41512b536f4462623969375170414363396e4853752f73766c373869684b65666b4e467061636a4a5764666b792b4c4b39685575474f6b44764758415246634544635256664f524561544a704e5752456c4936486c3747305637427053654c37476f4f456e64595578476f61352b784b6c643948794f51525852684b6b70672b516d4451782f5a597134336a3867525157352b5339787937794170654d36505a6235485974635445457258322b7a4e55707647444b393563544c6f64493968656e386c78683752554d31663841496c3956376b51645871417450372b525237336a39675a532b6c4150714f6b467055593257656c654d7372322b2b524c4851795557653669696e3951776638414b4d33363354414a6248594156364f705631572b4a35432b6f31736242386659565955472f582f55445936724a716c7439667364624e616c684c71372b52706e6a34675253763543397a34763545687430374856653176736f765349524c65735152566e6c7859427972594e5057565651324c396964416a554f547348395a513061636c514733734b7841723868384b7a4933527867667752624b4f783632584b3451646c47704830655451597243696f2f3841524b5a5a54782b78384f484743686f73795741414b554b796755623555524d44395370595278696e6f3650324a754445444854794b57615a6466595668352b5230514e6b4e3845665935566c75435732364650354542635449547a52686741445934507941674a3233736242784743726153635a6c61665a754750686a424369502b6f6f6958777771744c664a2b4b65665978585068326f69694e47703747716950532b734f33353545634441736b52542f4a5948726364374f44434168614d38656c597755324c2b6b56427865774a4a306268554e7366386e4842656b4f7431587044365a45494f504c6a625a5273534f6233585974585032644f357377722f77447a4c756e4a5247345563442f6b4b61625556425939674b717a7041614950544d713766795a376f762f414741566c675243447963486e49416f59784466706941596777763546314e6654374c616551514a7a38684b74506e3241594b39506b4143376642306c796c2f4439695a6c4d4547744541684d54564845744b65784144727048576c503746736f552f6b497a704f7039686d7462684e3270564d6f43776736527937642b506b5351312b6f52314e44527a4a613945474b3457464d394a587371732f3639674f44374f4e6268413278323257546273626a39674947773868356b6b645733476b51635839696544545a36526b74713474703741613959326163783138644541534139514c7459762b6b5641734779674a313969384135583748612b6c696f6f33305a2b796c58644f4a4d597248733674485566733872535055466b71746142786c557938424165566a6f2f5956715243653348354c6f6a4b4c4f505a51582f4b4c5379723869626e6c52535a48724e4177392b784378756c51727246636c734b36474b6b67364d4d376833374d3272582f5a572b575766475a6750674d506f434b745038694c6a4c374d67545a57554334307a65716a613543625453556c76493751352f7955683734796a6839457344312b2f49324e6c786a3153777546796f74515258374c6c494944675047577537376e6c7972616f397679433972594d42434566794e6a66385a614e75794b416570754c45574773476a35413841316359636458794357327869745750723067726d3944325531576e6132416f2f7332324f687473627543706c314168482b537465453747517137796642792f6b47424e426a574a71366d347471304a4b5a323534515772674b312f594168306c685166312b784232776c34756e706376564c666b434e6765506b7359796a673169654f2f4a5344582f6b51437674646c6761585a6244313545476a766149556334544f6b55646a6259786b4e50336b7148354b31527753777241516e334f7977632f4a314779705255442b76596e696f7444315049503664494931626e724c64663841577a54663664677a612f7a30684e655070396d6857336e79637875487554574d315774386c4b61794e7830734f6636696c54436d58374257724b6c75374b3478694352617055756b30754e32415148303241343665584c456548495a766c3869757a2f452f4f534252512b45386c704f35376d65503256433848595345302f6b596d6b704d434a75627353464867755631394f4d5136305047596273484a565071375554544746314c6a796636475853685a526c716d6e79484b64396d6d4c7379556b4c48475951304b68584b3337416e6e656673515a646a704b443665514839567356516132716c42682f306c577037326176335858734e556564496b7650784c55577555736158307861514e79794b4f3277323371344976384143384931587963336d564b6a5148376c70646265773047746267473130736e595159305636614a50516f3563304f507357436a2f4145695346663841426965334156656e364d4255362f534352424f624346434674326942646f4e2f534633514e4c4c52386577457762306c4b4658782b5263646c6d4f446a47686e502f634f6c6f346e6b3274306f756931346b7475694a596144374379745a4b473676616744773653397471794a73444a734574354741746e324666422f59343070722b424b6751734b5945466c685a324f41555275414f47705a4e4e7870374541324458386767726d777a6d366b5171583466794b473166493867366869586b5452772f6b596436674c4337394a7a71726a4c4d536369713666324a547444515a70784868366e596c7376366c4757765a39452b45583041382b7836505136666b5344645534713131664a626c4871794963742f7a4e624433597133746d644b6847484366366d3468763367524a4c73632f5949413355727a306962412b4d2b6247446b5672506837554747412b51477078396c47582f3865514a39664a513045774d534e6450487347395174663262682f676a48745341746a2b526d72576e73634a56765479454a5830494b545232414e6c506a4c6d6e5a2f6c4a306950325558686d773250686f7967546a4c6757695a434951626a6f582f4350746f34756f76724c35346948626234374b48466f474b473430452f627947782f47656679456148755334702f3344506d36663259693942794964436d50794e713150543744575a736258676367335873344e567957525832465274782f714d65322f3767433766374d34574f5474686c51612f5355345a4243727070462f366d686c6c48446b582b77453452544356415657724c624175514772466643584161485a724d4456395944586a73356a56657349414d645073474d617257655143683755533536784e3741464e6a757761594232616544355064494b2f3454447a5865374c53697a6a5071732b5145546e794f674e5a63434a65514c5a70374c4c69706c594c61796f5033734a515a56715047456f633741734d5a644b6f754f35565178694b32426464332b78303441706f6b6543765942456c6e7874374e316936317366513039616a3643667970644c482b5a2f2f32513d3d, NULL, NULL, '024910', 'fjdls', '');
INSERT INTO `member` (`MemberID`, `MemberName`, `Email`, `DOB`, `Address`, `MembershipSD`, `MembershipED`, `Activ`, `CurrentleopardadoptionSD`, `CurrentleopardadoptionED`, `Photo`, `MembertypeID`, `Fees$`, `Phoneno`, `Password`, `Postalcode`) VALUES
(6, 'djfoj', 'dfdfd@gmail.com', NULL, 'sddjofiaji', NULL, NULL, NULL, NULL, NULL, NULL, NULL, NULL, '349230-', 'dfer', ''),
(7, 'History', 's1m@gmail.com', NULL, 'qwerty', NULL, NULL, NULL, NULL, NULL, NULL, NULL, NULL, '90284', 'mathematics', '55555');

-- --------------------------------------------------------

--
-- Table structure for table `membertype`
--

CREATE TABLE `membertype` (
  `MembertypeID` int(11) NOT NULL,
  `MemberDes` varchar(20) DEFAULT NULL
) ENGINE=InnoDB DEFAULT CHARSET=latin1;

--
-- Dumping data for table `membertype`
--

INSERT INTO `membertype` (`MembertypeID`, `MemberDes`) VALUES
(1, 'Yearly'),
(2, '6 months'),
(3, '2 years'),
(4, 'free');

-- --------------------------------------------------------

--
-- Table structure for table `message`
--

CREATE TABLE `message` (
  `MID` int(11) NOT NULL,
  `MDES` text NOT NULL
) ENGINE=InnoDB DEFAULT CHARSET=latin1;

--
-- Dumping data for table `message`
--

INSERT INTO `message` (`MID`, `MDES`) VALUES
(1, 'ID: 1 Name: Nicksaysdd'),
(2, 'ID: 1 Name: Nicksayssomething'),
(3, 'ID: 1 Name: Nick says I want 2 years extension');

-- --------------------------------------------------------

--
-- Table structure for table `origin`
--

CREATE TABLE `origin` (
  `LeopardID` int(11) NOT NULL,
  `AreaID` int(11) NOT NULL
) ENGINE=InnoDB DEFAULT CHARSET=latin1;

--
-- Dumping data for table `origin`
--

INSERT INTO `origin` (`LeopardID`, `AreaID`) VALUES
(1, 1),
(2, 1),
(3, 1),
(4, 1);

-- --------------------------------------------------------

--
-- Table structure for table `pphoto`
--

CREATE TABLE `pphoto` (
  `photoid` int(11) NOT NULL,
  `pid` int(11) DEFAULT NULL,
  `photo` varchar(256) DEFAULT NULL
) ENGINE=InnoDB DEFAULT CHARSET=latin1;

--
-- Dumping data for table `pphoto`
--

INSERT INTO `pphoto` (`photoid`, `pid`, `photo`) VALUES
(1, 3, 'bg.jpg'),
(5, 4, '22.jpg'),
(6, 17, '4.jpg');

-- --------------------------------------------------------

--
-- Table structure for table `privilege`
--

CREATE TABLE `privilege` (
  `PrivilegeID` int(11) NOT NULL,
  `Post` varchar(20) DEFAULT NULL,
  `Salary$` int(11) DEFAULT NULL,
  `Privilegedes` text
) ENGINE=InnoDB DEFAULT CHARSET=latin1;

--
-- Dumping data for table `privilege`
--

INSERT INTO `privilege` (`PrivilegeID`, `Post`, `Salary$`, `Privilegedes`) VALUES
(1, 'Admin', 1000, 'Administration of website'),
(2, 'Admin Assistant', 800, 'Assistant to web admin. Has every privileges of admin only that second to him');

-- --------------------------------------------------------

--
-- Table structure for table `sub`
--

CREATE TABLE `sub` (
  `subname` varchar(15) NOT NULL,
  `fullname` varchar(30) NOT NULL,
  `email` varchar(20) NOT NULL,
  `subid` int(11) NOT NULL
) ENGINE=InnoDB DEFAULT CHARSET=latin1;

--
-- Dumping data for table `sub`
--

INSERT INTO `sub` (`subname`, `fullname`, `email`, `subid`) VALUES
('', '', 'demonim@gmail.com', 1);

--
-- Indexes for dumped tables
--

--
-- Indexes for table `admin`
--
ALTER TABLE `admin`
  ADD PRIMARY KEY (`StaffID`),
  ADD KEY `PrivilegeID` (`PrivilegeID`);

--
-- Indexes for table `area`
--
ALTER TABLE `area`
  ADD PRIMARY KEY (`AreaID`),
  ADD KEY `CountryID` (`CountryID`);

--
-- Indexes for table `block`
--
ALTER TABLE `block`
  ADD PRIMARY KEY (`blockedID`);

--
-- Indexes for table `breed`
--
ALTER TABLE `breed`
  ADD PRIMARY KEY (`BreedID`);

--
-- Indexes for table `chat`
--
ALTER TABLE `chat`
  ADD PRIMARY KEY (`id`);

--
-- Indexes for table `coun`
--
ALTER TABLE `coun`
  ADD PRIMARY KEY (`time`);

--
-- Indexes for table `counter`
--
ALTER TABLE `counter`
  ADD PRIMARY KEY (`Visitorcount`);

--
-- Indexes for table `country`
--
ALTER TABLE `country`
  ADD PRIMARY KEY (`CountryID`);

--
-- Indexes for table `forum`
--
ALTER TABLE `forum`
  ADD PRIMARY KEY (`FID`);

--
-- Indexes for table `forumtbl`
--
ALTER TABLE `forumtbl`
  ADD PRIMARY KEY (`pid`);

--
-- Indexes for table `history`
--
ALTER TABLE `history`
  ADD PRIMARY KEY (`ID`);

--
-- Indexes for table `leopard`
--
ALTER TABLE `leopard`
  ADD PRIMARY KEY (`LeopardID`),
  ADD KEY `BreedID` (`BreedID`);

--
-- Indexes for table `member`
--
ALTER TABLE `member`
  ADD PRIMARY KEY (`MemberID`),
  ADD KEY `MembertypeID` (`MembertypeID`);

--
-- Indexes for table `membertype`
--
ALTER TABLE `membertype`
  ADD PRIMARY KEY (`MembertypeID`);

--
-- Indexes for table `message`
--
ALTER TABLE `message`
  ADD PRIMARY KEY (`MID`);

--
-- Indexes for table `origin`
--
ALTER TABLE `origin`
  ADD PRIMARY KEY (`LeopardID`,`AreaID`),
  ADD KEY `AreaID` (`AreaID`);

--
-- Indexes for table `pphoto`
--
ALTER TABLE `pphoto`
  ADD PRIMARY KEY (`photoid`),
  ADD KEY `pid` (`pid`);

--
-- Indexes for table `privilege`
--
ALTER TABLE `privilege`
  ADD PRIMARY KEY (`PrivilegeID`);

--
-- Indexes for table `sub`
--
ALTER TABLE `sub`
  ADD PRIMARY KEY (`subid`);

--
-- AUTO_INCREMENT for dumped tables
--

--
-- AUTO_INCREMENT for table `admin`
--
ALTER TABLE `admin`
  MODIFY `StaffID` int(11) NOT NULL AUTO_INCREMENT, AUTO_INCREMENT=2;

--
-- AUTO_INCREMENT for table `block`
--
ALTER TABLE `block`
  MODIFY `blockedID` int(11) NOT NULL AUTO_INCREMENT, AUTO_INCREMENT=14;

--
-- AUTO_INCREMENT for table `chat`
--
ALTER TABLE `chat`
  MODIFY `id` int(11) NOT NULL AUTO_INCREMENT;

--
-- AUTO_INCREMENT for table `forum`
--
ALTER TABLE `forum`
  MODIFY `FID` int(11) NOT NULL AUTO_INCREMENT, AUTO_INCREMENT=17;

--
-- AUTO_INCREMENT for table `forumtbl`
--
ALTER TABLE `forumtbl`
  MODIFY `pid` int(11) NOT NULL AUTO_INCREMENT, AUTO_INCREMENT=18;

--
-- AUTO_INCREMENT for table `history`
--
ALTER TABLE `history`
  MODIFY `ID` int(11) NOT NULL AUTO_INCREMENT, AUTO_INCREMENT=6;

--
-- AUTO_INCREMENT for table `message`
--
ALTER TABLE `message`
  MODIFY `MID` int(11) NOT NULL AUTO_INCREMENT, AUTO_INCREMENT=4;

--
-- AUTO_INCREMENT for table `pphoto`
--
ALTER TABLE `pphoto`
  MODIFY `photoid` int(11) NOT NULL AUTO_INCREMENT, AUTO_INCREMENT=7;

--
-- AUTO_INCREMENT for table `sub`
--
ALTER TABLE `sub`
  MODIFY `subid` int(11) NOT NULL AUTO_INCREMENT, AUTO_INCREMENT=2;

--
-- Constraints for dumped tables
--

--
-- Constraints for table `admin`
--
ALTER TABLE `admin`
  ADD CONSTRAINT `admin_ibfk_1` FOREIGN KEY (`PrivilegeID`) REFERENCES `privilege` (`PrivilegeID`);

--
-- Constraints for table `area`
--
ALTER TABLE `area`
  ADD CONSTRAINT `area_ibfk_1` FOREIGN KEY (`CountryID`) REFERENCES `country` (`CountryID`);

--
-- Constraints for table `leopard`
--
ALTER TABLE `leopard`
  ADD CONSTRAINT `leopard_ibfk_1` FOREIGN KEY (`BreedID`) REFERENCES `breed` (`BreedID`);

--
-- Constraints for table `member`
--
ALTER TABLE `member`
  ADD CONSTRAINT `member_ibfk_1` FOREIGN KEY (`MembertypeID`) REFERENCES `membertype` (`MembertypeID`);

--
-- Constraints for table `origin`
--
ALTER TABLE `origin`
  ADD CONSTRAINT `origin_ibfk_1` FOREIGN KEY (`LeopardID`) REFERENCES `leopard` (`LeopardID`),
  ADD CONSTRAINT `origin_ibfk_2` FOREIGN KEY (`AreaID`) REFERENCES `area` (`AreaID`);

--
-- Constraints for table `pphoto`
--
ALTER TABLE `pphoto`
  ADD CONSTRAINT `pphoto_ibfk_1` FOREIGN KEY (`pid`) REFERENCES `forumtbl` (`pid`);
COMMIT;

/*!40101 SET CHARACTER_SET_CLIENT=@OLD_CHARACTER_SET_CLIENT */;
/*!40101 SET CHARACTER_SET_RESULTS=@OLD_CHARACTER_SET_RESULTS */;
/*!40101 SET COLLATION_CONNECTION=@OLD_COLLATION_CONNECTION */;
